status,station_no,name,district,address,parking_spaces,lat,lng,COUNTYNAME
1,1,捷運市政府站(3號出口),信義區,忠孝東路/松仁路(東南側),180,25.04085789,121.5679044,臺北市
1,2,捷運國父紀念館站(2號出口),大安區,忠孝東路四段/光復南路口(西南側),48,25.041254,121.55742,臺北市
1,3,台北市政府,信義區,台北市政府東門(松智路) (鄰近信義商圈/台北探索館),40,25.03779722,121.5651694,臺北市
1,4,市民廣場,信義區,市府路/松壽路(西北側)(鄰近台北101/台北世界貿易中心/台北探索館),60,25.03603611,121.562325,臺北市
1,5,興雅國中,信義區,松仁路/松仁路95巷(東南側)(鄰近信義商圈/台北信義威秀影城),60,25.03656389,121.5686639,臺北市
1,6,臺北南山廣場,信義區,松智路/松廉路(東北側) (鄰近台北101/信義商圈/台北信義威秀影城),80,25.034047,121.565973,臺北市
1,7,信義廣場(台北101),信義區,松智路/信義路(東北側) (鄰近台北101),80,25.03303889,121.5656194,臺北市
1,8,世貿三館,信義區,市府路/松壽路(東南側) (鄰近台北101/台北世界貿易中心/台北探索館),60,25.03521389,121.5636889,臺北市
1,9,松德站,信義區,台北市信義區松德路300號,40,25.031785,121.57448,臺北市
1,10,台北市災害應變中心,信義區,台北市信義區莊敬路391巷11弄2號,54,25.02866111,121.5661167,臺北市
1,11,三張犁,信義區,光復南路/基隆路一段364巷(鄰近大安親子館),50,25.034937,121.55762,臺北市
1,12,臺北醫學大學,信義區,台北醫學大學(吳興街220巷59弄)(鄰近台北醫學大學),48,25.026679,121.561747,臺北市
1,13,福德公園,信義區,大道路/福德街路口北西側,58,25.03809,121.58367,臺北市
1,14,榮星花園,中山區,五常街/龍江路口(西南側)(鄰近榮星公園(原榮星花園)),32,25.06424,121.54037,臺北市
1,16,松山家商,信義區,林口街/福德街(東南側),48,25.036084,121.579135,臺北市
1,17,民生光復路口,松山區,光復北路/民生東路(西北側),34,25.05862,121.55514,臺北市
1,18,臺北市藝文推廣處,松山區,北寧路34號 對側(鄰近台北田徑場),40,25.049408,121.55261,臺北市
1,19,象山公園,信義區,松仁路153巷17號對面(鄰近象山步道),30,25.02863,121.56981,臺北市
1,20,捷運科技大樓站,大安區,科技大樓站對面(復興南路2段西側)(鄰近資訊科學展示中心),58,25.025896,121.543293,臺北市
1,21,民生敦化路口,松山區,敦化民生路口公車站旁,66,25.057985,121.548982,臺北市
1,22,松山車站,信義區,松山車站西出口外自行車格內(鄰近饒河街夜市/五分埔),44,25.048824,121.57845,臺北市
1,23,東新國小,南港區,東新國小側門(東明街62號前),32,25.055074,121.602798,臺北市
1,24,信義建國路口,大安區,信義路三段/建國南路二段(西南側)(鄰近大安森林公園),46,25.03293,121.53747,臺北市
1,25,永吉松信路口,信義區,松信路/永吉路南西側人行道,30,25.04543,121.57205,臺北市
1,26,捷運昆陽站(1號出口),南港區,捷運昆陽站1號出口外停車場旁,72,25.050142,121.592375,臺北市
1,27,捷運南港展覽館站(5號出口),南港區,捷運南港展覽館站（5號出口）南側,38,25.05469,121.61669,臺北市
1,28,五常公園,信義區,松隆路/虎林街30巷口(西南側),32,25.04814,121.57467,臺北市
1,29,金山愛國路口,大安區,愛國東路/金山南路(西南側),54,25.03164,121.52655,臺北市
1,30,基隆長興路口,大安區,基隆路/長興街(東南側),74,25.017054,121.544352,臺北市
1,31,辛亥新生路口,大安區,辛亥路/新生南路(高架橋下),30,25.022413,121.53456,臺北市
1,32,捷運六張犁站,大安區,捷運出口外和平東路側,38,25.023884,121.553161,臺北市
1,33,中崙高中,松山區,八德路四段91巷(中崙高中)旁(鄰近京華城/中保寶貝城(BabyBoss City)),46,25.04878,121.56087,臺北市
1,34,捷運行天宮站(1號出口),中山區,捷運行天宮1號出口後方(松江路側),32,25.058369,121.532934,臺北市
1,35,捷運行天宮站(3號出口),中山區,捷運行天宮站3號出口站外,30,25.059978,121.533302,臺北市
1,36,臺大資訊大樓,大安區,辛亥路二段(臺大外語學院外),72,25.02101,121.54153,臺北市
1,37,捷運東門站(4號出口),大安區,信義路/麗水街口(鄰近永康街),46,25.0337,121.528988,臺北市
1,38,臺灣師範大學(圖書館),大安區,和平東路/師大路口(北側)(鄰近臺灣師範大學),32,25.026603,121.52944,臺北市
1,39,南港世貿公園,南港區,三重路/經貿二路88巷(東北側),26,25.058,121.61422,臺北市
1,40,玉成公園,南港區,玉成街247號前,34,25.04287,121.5864,臺北市
1,41,中研公園,南港區,研究院路二段12巷/研究院路二段12巷58弄(西南側),30,25.047425,121.613706,臺北市
1,42,捷運後山埤站(1號出口),信義區,中坡北路/忠孝東路五段(西北側),38,25.04431,121.58174,臺北市
1,43,凌雲市場,南港區,研究院路三段68巷/凌雲街(東北側),30,25.035639,121.614154,臺北市
1,44,捷運南港軟體園區站(2號出口),南港區,捷運南港軟體園區站2號出口外,36,25.05973,121.616187,臺北市
1,45,捷運公館站(2號出口),大安區,羅斯福路四段/舟山路(東北側)(鄰近公館夜市),30,25.01476,121.534538,臺北市
1,46,南港國小,南港區,惠民街/興東街(南側停車場),58,25.056504,121.611389,臺北市
2,47,捷運忠孝新生站(4號出口),大安區,忠孝東路三段 / 新生南路一段口 東北側(鄰近國立台北科技大學),34,25.042275,121.533939,臺北市
1,48,南港車站(忠孝東路),南港區,忠孝東路七段與忠孝東路七段415巷交叉口(鄰近南港高鐵站),38,25.05247,121.608202,臺北市
1,49,龍門廣場,大安區,忠孝東路/敦化南路(西南側廣場）(鄰近東區地下街),52,25.040901,121.548252,臺北市
1,50,民權運動公園,松山區,民權東路四段/新中街交叉口,52,25.062002,121.560186,臺北市
1,51,建國農安街口,中山區,建國北路/農安街口(中油旁邊空地)(鄰近榮星公園(原榮星花園)),44,25.065031,121.536775,臺北市
1,52,建國長春路口,中山區,建國北路/長春路口(北側),30,25.054761,121.536925,臺北市
1,53,八德市場,中山區,建國南路一段/市民大道交叉口(北側) (鄰近國立台北科技大學),26,25.044781,121.536609,臺北市
1,54,臺北市立圖書館(總館),大安區,建國南路二段/建國南路二段151巷(東北側),30,25.028798,121.538073,臺北市
1,55,臺北田徑場,松山區,敦化北路3號(鄰近臺北小巨蛋/台北田徑場),46,25.049505,121.549408,臺北市
1,56,仁愛林森路口,中正區,林森南路/仁愛路一段路口(東北側)(鄰近臺北市青少年發展處/中正親子館),42,25.038954,121.522334,臺北市
1,57,新生和平路口,大安區,新生南路二段/和平東路二段(東北側),46,25.026217,121.53519,臺北市
2,58,捷運善導寺站(1號出口),中正區,天津街/忠孝東路一段(東北側)(鄰近台北國際藝術村/蝴蝶宮昆蟲博物館/台北希望廣場),48,25.045267,121.5222,臺北市
1,59,林森公園,中山區,林森北路/南京東路一段(鄰近林森公園/康樂公園),32,25.052227,121.525805,臺北市
1,60,中山行政中心,中山區,松江路/農安街口(鄰近行天宮),30,25.064317,121.533487,臺北市
1,61,台灣科技大學,大安區,基隆路四段/基隆路四段73巷交叉口(鄰近國立台灣科技大學),86,25.0131,121.539723,臺北市
1,62,南昌公園,中正區,和平西路一段/南昌路,34,25.026827,121.520258,臺北市
1,63,仁愛醫院,大安區,大安路一段/仁愛路四段,36,25.037569,121.545632,臺北市
1,64,國家圖書館,中正區,中山南路/貴陽街口(西南側)(鄰近台北賓館),50,25.037773,121.517029,臺北市
1,65,青年公園3號出口,萬華區,青年路/青年路106巷(東側)(鄰近青年公園),38,25.022725,121.502708,臺北市
1,66,師範大學公館校區,文山區,師大公館校區校門口(汀州路側),42,25.007528,121.537188,臺北市
1,67,捷運臺大醫院(4號出口),中正區,公園路/襄陽路(西南側)(鄰近二二八和平紀念公園/國立臺灣博物館/台北賓館),48,25.042973,121.516428,臺北市
1,68,國興青年路口,萬華區,國興路/青年路(西南側)(鄰近萬華親子館),36,25.025865,121.506536,臺北市
1,69,興豐公園,文山區,興隆路二段123巷/興隆路二段(西北側),34,24.999837,121.547778,臺北市
1,70,捷運台北101/世貿站,信義區,莊敬路/信義路五段(東南側)(鄰近台北世界貿易中心(世貿)/台北國際會議中心/信義公民會館(四四南村)/信義親子館),52,25.032752,121.561645,臺北市
1,71,捷運信義安和站(4號出口),大安區,通化街/信義路四段(西南側)(鄰近臨江街夜市(通化夜市)/大安親子館),30,25.032985,121.554204,臺北市
1,72,新生長安路口,中山區,新生北路一段/長安東路二段交叉口(北側),42,25.048611,121.529346,臺北市
1,73,酒泉延平路口,大同區,延平北路四段/酒泉街(西北側),32,25.072228,121.510195,臺北市
1,74,信義連雲街口,中正區,信義路二段/連雲街(東北側),40,25.033817,121.530547,臺北市
1,75,基隆光復路口,信義區,基隆路二段/光復南路(東北側)(鄰近通化夜市),30,25.0300508,121.557635,臺北市
1,76,新生長春路口,中山區,新生北路二段/新生北路二段68巷交叉口(新生橋下),36,25.056387,121.527522,臺北市
1,77,民生活動中心,松山區,民生東路五段/三民路口(西北側)(鄰近松山親子館),32,25.059147,121.56297,臺北市
1,78,捷運圓山站(2號出口),大同區,承德路三段/庫倫街(東南側)(鄰近台北孔廟/花博公園圓山園區/花博圓山公園區-爭艷館/中山親子館),52,25.071824,121.519287,臺北市
1,79,捷運民權西路站(3號出口),大同區,民權西路70巷37號對面,50,25.061285,121.520205,臺北市
1,80,華江高中,萬華區,東園街/東園街35巷(東北側),44,25.02751,121.495869,臺北市
1,81,捷運台電大樓站(2號出口),大安區,羅斯福路/辛亥路交叉口(古亭國小前),40,25.020547,121.528552,臺北市
1,82,捷運西門站(3號出口),中正區,中華路一段/寶慶路(東南側)(鄰近國軍歷史文物館/中山堂/西門紅樓),60,25.041778,121.508693,臺北市
1,83,捷運大安森林公園站,大安區,信義路三段31巷/信義路三段(南側)(鄰近大安森林公園),74,25.033344,121.534236,臺北市
1,84,復華花園新城,萬華區,西藏路115號/西藏路(東南側),38,25.029705,121.502899,臺北市
1,85,信義敦化路口,大安區,信義路四段/敦化南路一段(東北側),46,25.033362,121.54911,臺北市
1,86,民權復興路口,松山區,復興北路/民權東路三段(東北側),36,25.062344,121.545138,臺北市
1,87,捷運大安站,大安區,復興南路/信義路三段(西南側),48,25.033078,121.543057,臺北市
1,88,捷運象山站,信義區,信義路五段/信義路五段91巷(西北側),62,25.032922,121.57087,臺北市
1,89,和平重慶路口,中正區,重慶南路三段/和平西路一段(東北側),44,25.027323,121.516385,臺北市
1,90,老松國小,萬華區,康定路/桂林路(東南側)(鄰近艋舺龍山寺/艋舺清水巖祖師廟/台北市鄉土教育中心(剝皮寮歷史街區)),44,25.037783,121.501708,臺北市
1,91,市立美術館,中山區,中山北路三段/酒泉街(西南側)(鄰近台北市立美術館/花博公園美術園區/台北故事館/花博公園圓山園區/花博圓山公園區-爭艷館/中山親子館),36,25.070629,121.523268,臺北市
1,92,開封西寧路口,萬華區,開封街二段/西寧南路(東北側)(鄰近西門町),42,25.046618,121.507169,臺北市
1,93,吳興公車總站,信義區,松仁路/吳興街交叉口,56,25.023877,121.569836,臺北市
1,94,捷運景美站,文山區,羅斯福路六段/景中街交叉口(東北側)(鄰近景美夜市),52,24.993254,121.541059,臺北市
1,95,東園國小,萬華區,東園街/萬大路344巷(東南側),32,25.023393,121.497679,臺北市
1,96,三民公園,松山區,撫遠街/富錦街(東南側),30,25.061567,121.566558,臺北市
1,97,捷運劍潭站(2號出口),士林區,基河路18號對面(鄰近劍潭公園),52,25.082825,121.524721,臺北市
1,98,羅斯福景隆街口,文山區,羅斯福路六段/景隆街交叉口(東南側),42,24.999378,121.540197,臺北市
2,99,捷運雙連站(2號出口),大同區,民生西路/萬全街(東北側),42,25.057866,121.520711,臺北市
1,100,金山市民路口,中正區,金山北路/市民大道三段(南側)(鄰近華山文化創意產業園區/光華數位新天地(光華商場)/三創生活園區),40,25.045753,121.530697,臺北市
2,101,華山文創園區,中正區,忠孝東路二段41號前(鄰近華山文化創意產業園區/光華數位新天地(光華商場)/三創生活園區),50,25.043668,121.528487,臺北市
1,102,臺北市客家文化主題公園,中正區,師大路/汀州路交叉口(鄰近客家文化主題公園(原兒童交通博物館)),32,25.02043,121.525322,臺北市
1,103,萬華車站,萬華區,艋舺大道83號(對側),60,25.033639,121.503028,臺北市
1,104,台北花木批發市場,文山區,萬盛街/興隆路一段(西北側),38,25.004023,121.54074,臺北市
1,105,峨嵋停車場,萬華區,昆明街/西寧南路50巷(東南側)(鄰近西門町/台北市電影主題公園/西門紅樓),42,25.044412,121.505409,臺北市
1,106,西園艋舺路口,萬華區,西園路二段/艋舺大道(西南側),44,25.032932,121.497674,臺北市
1,107,捷運小南門站(1號出口),中正區,博愛路/愛國西路交叉口(西北側),54,25.036402,121.509422,臺北市
1,108,臺北孔廟,大同區,哈密街59巷/哈密街(東北側)(鄰近台北孔廟/保安宮),32,25.073306,121.515843,臺北市
1,109,林安泰古厝,中山區,濱江街5號對面(鄰近林安泰古厝/花博公園新生園區),36,25.071606,121.530805,臺北市
1,110,文湖國小,內湖區,文湖街21巷/文湖街(東北側),44,25.086376,121.560888,臺北市
1,111,捷運忠孝復興站(2號出口),大安區,復興南路一段/仁愛路三段123巷13弄(西北側),54,25.040184,121.543497,臺北市
1,112,捷運新北投站,北投區,大業路/中和街交叉口(鄰近凱達格蘭文化館/北投復興公園),48,25.137456,121.503124,臺北市
1,113,仁愛逸仙路口,信義區,仁愛路四段/逸仙路(西北側)(鄰近國父紀念館/台北探索館),38,25.037724,121.561178,臺北市
1,114,蘭雅公園,士林區,忠誠路二段/忠誠路二段40巷(西南側),30,25.109908,121.530386,臺北市
1,115,臺北轉運站,中正區,中山北路一段/市民大道一段(西北側)(鄰近台北當代藝術館/台北轉運站(京站時尚廣場)/國父史蹟紀念館(逸仙公園)/台北國際藝術村),68,25.048222,121.520526,臺北市
1,116,福林公園,士林區,志成街/中正路(南側)(鄰近志成公園/福林公園),44,25.096122,121.530215,臺北市
1,117,捷運北投站,北投區,光明路2巷/光明路交叉口(鄰近北投親子館),58,25.132581,121.498618,臺北市
1,118,大業大同街口,北投區,大業路/大同街口,36,25.136929,121.499152,臺北市
1,119,捷運劍南路站(2號出口),中山區,敬業二路/植福路(東北側)(鄰近美麗華百樂園/劍潭古寺),68,25.08418,121.555116,臺北市
1,120,捷運龍山寺站(1號出口),萬華區,和平西路三段/和平西路三段109巷(西北側)(鄰近艋舺龍山寺/艋舺夜市(萬華夜市)),46,25.035479,121.50026,臺北市
1,121,龍江南京路口,中山區,龍江路110號對面停車場,66,25.05298,121.540568,臺北市
1,122,捷運港墘站(2號出口),內湖區,內湖路一段/港墘路(東南側),50,25.079666,121.57584,臺北市
1,123,天母運動公園,士林區,忠誠路二段/忠誠路二段207巷(東南側),44,25.116325,121.534136,臺北市
1,124,振華公園,北投區,振華街36號對面,36,25.115863,121.518163,臺北市
1,125,華西公園,萬華區,華西街/桂林路(東北側)(鄰近艋舺龍山寺/華西街夜市/艋舺青山宮/艋舺夜市(萬華夜市)),30,25.038609,121.498495,臺北市
1,126,敦化基隆路口,大安區,敦化南路二段/基隆路二段交叉口,30,25.022073,121.548336,臺北市
1,127,東湖國中,內湖區,康樂街/康樂街125巷(東南側),40,25.073277,121.619521,臺北市
1,128,成功國宅,大安區,四維路198巷/和平東路三段1巷,36,25.026808,121.546726,臺北市
1,129,捷運文德站(2號出口),內湖區,文德路220巷/文德路(西南側),50,25.078424,121.58456,臺北市
1,130,羅斯福寧波東街口,中正區,羅斯福路一段/寧波東街(東南側)(鄰近愛國東路婚紗街),26,25.031445,121.519411,臺北市
1,131,洲子二號公園,內湖區,瑞光路500號對面,52,25.079322,121.568688,臺北市
1,132,羅斯福新生南路口,大安區,羅斯福路四段/新生南路三段交叉口(鄰近公館夜市),88,25.01603085,121.5331757,臺北市
1,133,蘭興公園,士林區,中山北路六段/士東路(西北側),40,25.111839,121.525888,臺北市
1,134,捷運芝山站(2號出口),士林區,福華路/福華路162巷(東南側),64,25.10336,121.522629,臺北市
1,135,捷運石牌站(2號出口),北投區,"東華街一段/裕民二路(西側)	",54,25.114513,121.515677,臺北市
1,136,國立臺北護理健康大學,北投區,石牌路二段100號(北側),30,25.117457,121.51668,臺北市
1,137,國防大學,北投區,中央北路二段/豐年路二段交叉口,46,25.137976,121.493066,臺北市
1,138,捷運永春站(2號出口),信義區,忠孝東路五段420號旁(東側巷道上),30,25.040558,121.575372,臺北市
1,139,永樂市場,大同區,民樂街/南京西路233巷(西北側)(鄰近迪化街/永樂市場(永樂布業商場)/霞海城隍廟),38,25.054501,121.510549,臺北市
1,140,捷運大橋頭站(2號出口),大同區,民權西路/重慶北路三段(東北側)(鄰近延三夜市(大橋頭夜市)),46,25.063404,121.512909,臺北市
1,141,文山行政中心,文山區,木柵路三段220號前,36,24.989902,121.569984,臺北市
1,142,捷運木柵站,文山區,木柵路四段82巷18號前(捷運橋樑下),52,24.997996,121.57444,臺北市
1,143,捷運動物園站(2號出口),文山區,新光路二段28號前(鄰近台北市立動物園(木柵動物園)),72,24.997659,121.578752,臺北市
1,144,國立政治大學,文山區,萬壽路16巷6號前(鄰近國立政治大學),58,24.988363,121.576536,臺北市
1,145,樹德公園,大同區,大龍街/大龍街85巷(東北側),40,25.066688,121.516149,臺北市
1,146,捷運士林站(2號出口),士林區,中正路247巷/中山北路五段505巷(東南側),46,25.092546,121.526556,臺北市
1,147,士林運動中心,士林區,承德路四段/大南路(東北側),32,25.089175,121.521814,臺北市
1,148,捷運明德站,北投區,致遠一路一段46巷/西安街一段(東南側),68,25.110331,121.518316,臺北市
1,149,北投運動中心,北投區,石牌路一段39巷100號前,62,25.116665,121.509621,臺北市
1,150,松德公園,信義區,松德路168巷20號前,38,25.036568,121.57343,臺北市
1,151,考試院,文山區,試院路(雙號)/木柵路一段(東北側)(鄰近文山親子館),34,24.987507,121.549827,臺北市
1,152,百齡國小,士林區,前港街100巷/前港街(北方),40,25.08521,121.519175,臺北市
1,153,蔣渭水紀念公園,大同區,錦西街51號對面,36,25.059885,121.516299,臺北市
1,154,中正基河路口,士林區,中正路420號前(鄰近台北市立天文科學教育館),38,25.093396,121.519867,臺北市
1,155,瑞光港墘路口,內湖區,瑞光路/港墘路(西南側),30,25.076193,121.57505,臺北市
1,156,東湖國小,內湖區,東湖路/東湖路119巷(西北側),38,25.06853,121.61538,臺北市
1,157,麗山國小,內湖區,內湖路一段411巷/內湖路一段411巷19弄(東北側),42,25.082703,121.571467,臺北市
1,158,捷運東湖站,內湖區,安康路315巷/五分街14巷(西側),48,25.067026,121.61355,臺北市
1,159,捷運西湖站(1號出口),內湖區,環山路一段9巷/內湖路一段285巷(西南側),36,25.082866,121.566695,臺北市
1,161,大豐公園,北投區,磺港路/大興街(東北側),56,25.131143,121.503768,臺北市
1,162,捷運中山國小站(4號出口),中山區,民權東路一段/新生北路三段(北側)(新生高架橋下),70,25.062924,121.52772,臺北市
1,163,捷運麟光站,大安區,和平東路三段/和平東路三段416巷(捷運高架橋下)(鄰近富陽自然生態公園),72,25.018097,121.559279,臺北市
1,164,捷運奇岩站,北投區,北投路一段/三合街二段(東北側),56,25.126286,121.500801,臺北市
1,165,捷運唭哩岸站(2號出口),北投區,西安街二段/立農街一段257巷(鄰近慈生宮),62,25.120788,121.505693,臺北市
1,166,臺北市立景美女中,文山區,木新路三段/一壽街(西北側),34,24.980602,121.556177,臺北市
1,167,臺北市立天文館,士林區,基河路363號前(鄰近台北市立天文科學教育館/國立台灣科學教育館),50,25.095714,121.518046,臺北市
1,168,河堤國小,中正區,金門街12巷23弄1號旁,44,25.02288,121.522855,臺北市
1,169,植物園,中正區,和平西路二段100號前(鄰近台北植物園/國立歷史博物館/131 Fun心玩親子館),44,25.030015,121.509813,臺北市
1,170,新東公園,松山區,民生東路五段/塔悠路(西南側),50,25.059245,121.568883,臺北市
1,171,文山運動中心,文山區,興隆路三段/興隆路三段192巷8弄,38,24.996842,121.559651,臺北市
1,172,捷運南京三民站(1號出口),松山區,南京東路五段/三民路(西北側),24,25.051562,121.562891,臺北市
1,173,捷運松江南京站(7號出口),中山區,松江路/南京東路二段(東北側)(鄰近四平陽光商圈),56,25.052181,121.533211,臺北市
1,174,捷運小巨蛋站(5號出口),松山區,南京東路四段/健康路(東北側)(鄰近台北田徑場),48,25.051702,121.553057,臺北市
1,175,捷運南京復興站(5號出口),松山區,南京東路三段/南京東路三段256巷(東南側),52,25.051618,121.544847,臺北市
1,176,興安華城,中山區,興安街/遼寧街,94,25.055997,121.542318,臺北市
1,177,葫蘆國小,士林區,環河北路三段/葫蘆街(東北側),40,25.082538,121.507495,臺北市
1,178,延平國宅,士林區,延平北路五段一巷40號前,32,25.078908,121.510306,臺北市
1,179,南港公園,南港區,福德街383號對面(南港公園出口前),52,25.041355,121.59073,臺北市
1,180,福華商場,內湖區,民權東路六段/民權東路六段180巷(石潭平面停車場內)(鄰近防災科學教育館),40,25.06877,121.592654,臺北市
1,181,建國和平路口,大安區,建國南路二段/和平東路二段(西北側),52,25.02585,121.537383,臺北市
1,182,捷運古亭站(2號出口),中正區,羅斯福路二段/羅斯福路二段174巷(捷運古亭站2號出口前),50,25.0253,121.523537,臺北市
1,183,圓環站,大同區,南京西路/重慶北路一段(西南側)(鄰近寧夏夜市),32,25.05379,121.514179,臺北市
1,184,劍潭社區,中山區,通北街143號前,42,25.084759,121.537892,臺北市
2,185,?公公園,大安區,大安路一段/大安路一段75巷(西側)(鄰近東區地下街),30,25.042342,121.54605,臺北市
1,186,臺北市立大學,中正區,愛國西路/公園路(西北側)(鄰近台北市立教育大學),82,25.035414,121.514218,臺北市
1,187,仁愛延吉街口,大安區,仁愛路四段/延吉街(東南側)(鄰近大安親子館),34,25.037465,121.555769,臺北市
1,188,社子國小,士林區,延平北路六段/社中街(社子國小對面跨提便道橋下),56,25.090293,121.50189,臺北市
1,189,金瑞公園(金龍路),內湖區,金龍路213巷1弄7號前,38,25.087987,121.58781,臺北市
1,190,捷運大直站(3號出口),中山區,北安路458巷41弄/北安路536巷(捷運大直站3號出口前人行道),40,25.079278,121.546683,臺北市
1,191,捷運大湖公園站(2號出口),內湖區,成功路五段/大湖山莊街(大湖公園地下停車場旁)(鄰近大湖公園),58,25.083873,121.60206,臺北市
1,192,捷運葫洲站(1號出口),內湖區,康寧路三段/成功路五段450巷21弄(西北側)(捷運葫洲站1號出口前自行車停放區),44,25.072485,121.607955,臺北市
1,193,舊莊區民活動中心,南港區,舊莊街一段91巷/舊莊街一段91巷12弄(舊莊區民活動中心前)(鄰近胡適公園),36,25.041277,121.61935,臺北市
1,194,市民林森路口,中山區,市民大道二段/林森北路(東北側)(鄰近台北國際藝術村/台北希望廣場),50,25.047958,121.524388,臺北市
1,195,信義杭州路口(中華電信總公司),中正區,信義路一段/杭州南路一段(西北側)(鄰近國立中正紀念堂),50,25.035851,121.523987,臺北市
1,196,新湖國小,內湖區,民權東路六段/成功路二段320巷31弄(東南側)(鄰近防災科學教育館),20,25.068744,121.589233,臺北市
1,197,饒河夜市(八德路側),松山區,八德路/松信路(西南側),34,25.049845,121.571885,臺北市
1,201,東陽公園,南港區,重陽路125巷26號至36-2號對面人行道,44,25.057164,121.597924,臺北市
1,202,捷運關渡站,北投區,大度路三段270巷/立功街55巷(西南側人行道),60,25.124646,121.467336,臺北市
1,203,古亭國中,萬華區,中華路二段465號對面人行道(古亭國中),40,25.024487,121.51057,臺北市
1,204,臺北市立大學(天母校區),士林區,士東路276號至280號對面人行道,42,25.113625,121.53742,臺北市
1,205,木柵光輝路口,文山區,木柵路一段290號西側人行道(木柵光輝路口),24,24.988241,121.55561,臺北市
1,206,捷運辛亥站,文山區,辛亥路四段114號旁人行道(捷運辛亥站),32,25.005386,121.55716,臺北市
1,207,福安國中,士林區,延平北路七段250號前人行道(福安國中),30,25.103242,121.487477,臺北市
1,208,龍山國小,萬華區,和平西路三段280號對面人行道(龍山國小)(鄰近艋舺夜市(萬華夜市)),46,25.035555,121.495342,臺北市
1,209,捷運復興崗站,北投區,中央北路三段17-1號對面人行道 (中央北路三段53巷側),42,25.137837,121.486071,臺北市
1,210,樂群二敬業四路口,中山區,樂群二路180號前廣場,60,25.079766,121.558135,臺北市
1,211,星雲金湖街口,內湖區,星雲街210巷11號旁平面停車場 ,40,25.080915,121.597339,臺北市
1,212,北安大直街口,中山區,北安路676號前人行道 ,50,25.084223,121.549452,臺北市
1,213,蘭雅國小,士林區,磺溪街80號~82號對面人行道(蘭雅國小東側),30,25.107782,121.523107,臺北市
1,214,基河一期國宅,內湖區,南京東路六段131號至137號對面綠地,54,25.055935,121.578645,臺北市
1,215,捷運北門站(3號出口),大同區,鄭州路/塔城街(西南側)(捷運北門站3號出口)(鄰近海關博物館/北門-承恩門),62,25.04993,121.510367,臺北市
1,216,培英公園,中山區,崇實路/大直街62巷(東南側),50,25.082553,121.544601,臺北市
1,217,臺北花市,內湖區,新湖三路28號前人行道(鄰近台北花市),40,25.062645,121.574267,臺北市
1,218,松山高中,信義區,基隆路一段172巷15號對面人行道(松山高中),42,25.043299,121.564108,臺北市
1,219,大理高中,萬華區,環河南路二段300號對面人行道(大理高中),38,25.031147,121.49074,臺北市
1,220,大稻埕公園,大同區,安西街1巷15號對面人行道(大稻埕公園),36,25.059162,121.510512,臺北市
1,221,泰和公園,信義區,吳興街583巷67弄(泰和公園),40,25.019276,121.57107,臺北市
1,222,撫順公園,中山區,中山北路2段180號對面(鄰近大同大學/雙城街夜市),30,25.064108,121.522065,臺北市
1,223,清江國小,北投區,三合街一段/公館路西南側人行道(清江國小),40,25.1274,121.507267,臺北市
1,224,社正公園,士林區,社中街43號對面停車場(社正公園),40,25.088243,121.510535,臺北市
1,225,臥龍樂業街口,大安區,臥龍街267號對面人行道(臥龍樂業街口),40,25.0186,121.554839,臺北市
1,226,向陽南港路口,南港區,向陽路49號旁人行道(向陽南港路口),32,25.054365,121.594228,臺北市
1,227,麗山高中,內湖區,環山路二段131號對面人行道(麗山高中),40,25.084244,121.57668,臺北市
1,228,捷運萬芳社區站,文山區,萬芳路60號西側廣場,32,24.998811,121.56789,臺北市
1,229,市民太原路口,大同區,鄭州路23號東側人行道(市民太原路口)(鄰近台北地下街/台北車站),34,25.049394,121.514611,臺北市
1,230,湖光國宅,內湖區,文德路22巷67號對面綠地,36,25.075366,121.580811,臺北市
1,231,內政部營建署,松山區,八德路二段342號東側人行道(鄰近微風廣場/黑松世界),40,25.047805,121.545022,臺北市
1,232,中山天母路口,士林區,天母西路3-55號前人行道,44,25.118843,121.529738,臺北市
1,233,捷運忠義站,北投區,中央北路四段262號對面人行道,50,25.131411,121.474155,臺北市
1,234,永欣綠地,北投區,行義路1號對面停車場,38,25.124162,121.526071,臺北市
1,235,市民東興路口,松山區,市民大道五段193號前方人行道(鄰近台北機廠),30,25.04846,121.565928,臺北市
1,236,關渡自然公園,北投區,關渡路68號對面人行道,36,25.119292,121.469138,臺北市
1,237,文山第二行政中心,文山區,興隆路二段130巷30號對面人行道,38,25.001149,121.551418,臺北市
1,238,瑞湖陽光街口,內湖區,瑞湖街101號對面人行道,32,25.073119,121.575965,臺北市
1,239,新明路262巷口,內湖區,新明路/新明路262巷口(東側),18,25.056641,121.583403,臺北市
2,240,南京建國路口,中山區,南京東路二段/建國北路二段(北側)(鄰近袖珍博物館),58,25.052141,121.536802,臺北市
1,241,林口公園,信義區,林口街72號對面公園(林口公園),38,25.038943,121.579146,臺北市
1,242,關渡宮,北投區,大度路三段301巷223-5號西北側停車場(鄰近關渡宮),40,25.117472,121.463161,臺北市
1,243,社子公園,士林區,永平街20巷37弄/永平街20巷11弄(社子公園南側),30,25.090202,121.506219,臺北市
1,244,復興市民路口,中山區,復興南路一段36-9號前人行道(復興市民路口)(鄰近微風廣場/黑松世界),46,25.045908,121.543736,臺北市
1,245,捷運中山國中站,中山區,復興北路370號前方人行道(捷運中山國中站),44,25.060632,121.544028,臺北市
1,246,國立故宮博物院,士林區,至善路二段155號對面停車場(鄰近至德園),40,25.098743,121.548086,臺北市
1,247,木柵公園,文山區,興隆路四段50號前人行道(木柵公園),34,24.987144,121.560627,臺北市
1,248,喬治工商,大安區,基隆路二段166號前(喬治工商),32,25.027123,121.555566,臺北市
1,249,中華桂林路口,萬華區,中華路一段206號前方廣場(鄰近國軍歷史文物館),32,25.037706,121.506624,臺北市
1,250,忠孝東路三段217巷口,大安區,忠孝東路三段221號前方人行道,38,25.04184,121.539873,臺北市
1,251,華齡公園,士林區,劍潭路80對面公園(華齡公園),36,25.083023,121.520692,臺北市
1,252,大安運動中心,大安區,辛亥路三段55號前方人行道(大安運動中心)(鄰近國立臺北教育大學),34,25.020544,121.545608,臺北市
1,253,芝山抽水站,士林區,至誠路二段80號對面人行道(芝山抽水站)(鄰近雙溪生活水岸自行車道),34,25.101423,121.52799,臺北市
1,254,立功立德路口,北投區,立功街/立德路(西南側人行道),58,25.125377,121.471482,臺北市
1,255,光復南路22巷口,松山區,光復南路23號對面人行道,30,25.046914,121.557674,臺北市
1,256,中山中正路口,士林區,中山北路五段609-625號前人行道(中山中正路口)(鄰近福林公園),40,25.096507,121.527526,臺北市
1,257,錦德公園,萬華區,德昌街243號對面公園(錦德公園),34,25.023316,121.492637,臺北市
1,258,聯合醫院中興院區,大同區,長安西路299-2號對面人行道(鄰近海關博物館),40,25.052096,121.507979,臺北市
1,259,南京遼寧街口,中山區,南京東路三段189號對面(南京遼寧街口東南側)(鄰近遼寧夜市),36,25.051761,121.542168,臺北市
1,260,民權瑞光路口,內湖區,民權東路六段50號前人行道,36,25.068616,121.583991,臺北市
1,261,健康新城,松山區,健康路177號前人行道(健康新城),44,25.054095,121.560928,臺北市
1,262,永安藝文館-表演36房,文山區,木新路二段156號前人行道(永安市場),28,24.984144,121.569064,臺北市
1,263,至善臨溪路口,士林區,至善路一段/臨溪路(東南側),38,25.097103,121.542153,臺北市
1,264,秀山區民活動中心,北投區,秀山路50號北側道路路側,28,25.145936,121.493009,臺北市
1,265,中央北路四段30巷口,北投區,中央北路四段30巷8號對面路側(鄰近北投行天宮),30,25.135394,121.478,臺北市
1,266,洲子一號公園,內湖區,基湖路32號南側公園,34,25.080258,121.564806,臺北市
1,267,八德中坡路口,南港區,八德路四段869號前方人行道(鄰近饒河街夜市),38,25.05062,121.580194,臺北市
1,268,南港高工,南港區,興中路29號前方人行道,30,25.056655,121.607055,臺北市
1,269,三軍總醫院,內湖區,成功路二段/成功路二段323巷東北角人行道(鄰近防災科學教育館),30,25.070723,121.590304,臺北市
1,270,雨農國小,士林區,忠義街6號對面人行道(雨農國小)(鄰近芝山岩/芝山巖惠濟宮/芝山文化生態綠園),34,25.105429,121.529217,臺北市
1,271,伊通長安路口,中山區,伊通街/長安東路二段(交叉口西南側路側)(鄰近袖珍博物館/樹火紀念紙博物館),28,25.048334,121.534693,臺北市
1,272,忠順區民活動中心,文山區,忠順街二段22號前方人行道(忠順區民活動中心),32,24.984707,121.563125,臺北市
1,273,芝山國小,士林區,德行東路/德行東路283巷東北角人行道(芝山國小),38,25.110437,121.535954,臺北市
1,274,扶輪親恩公園,內湖區,民權東路六段13之15號對面人行道(民權大橋)(鄰近華生水水體驗館),34,25.066997,121.579833,臺北市
1,275,西本願寺廣場,萬華區,中華路一段/長沙街二段路口西南側人行道(西本願寺)(鄰近國軍歷史文物館/中山堂/西門紅樓),58,25.040988,121.507688,臺北市
1,276,三興公園,信義區,吳興街118巷35弄28號前方(三興公園),38,25.028679,121.55932,臺北市
1,277,中山堂,中正區,延平南路/武昌街一段東南角人行道(延平武昌街口)(鄰近中山堂/西門町),32,25.044091,121.51025,臺北市
1,278,明美公園,內湖區,石潭路/南京東路六段451巷口西南人行道綠帶(明美公園),32,25.062557,121.586065,臺北市
1,279,南港車站(興華路),南港區,市民大道八段/興華路口西北側人行道(鄰近南港高鐵站),48,25.053432,121.606331,臺北市
1,280,士林新天地,士林區,大南路325號前方人行道,28,25.089034,121.51732,臺北市
1,281,松江公園,中山區,松江路/松江路84巷(西北側路側)(鄰近樹火紀念紙博物館),32,25.050245,121.532725,臺北市
1,282,富台公園,信義區,松信路209號前人行道,30,25.041935,121.571999,臺北市
1,283,中央北路四段540巷口,北投區,中央北路四段529號對面,32,25.127959,121.4677,臺北市
1,284,華聲公園,士林區,華聲街17號南側路側(全聯),44,25.096166,121.522096,臺北市
1,285,螢橋國小,中正區,泉州街32號對面人行道(螢橋國小),40,25.025966,121.51377,臺北市
1,286,德明財經科技大學,內湖區,環山路一段56號對面(德明財經科技大學),44,25.086372,121.565713,臺北市
1,287,第二果菜批發市場,中山區,民族東路410巷1號 對面 遷到 民族東路410巷2弄20號 東側,40,25.066424,121.537354,臺北市
1,288,濟南紹興路口,中正區,濟南路一段/紹興南街口東南側(鄰近蝴蝶宮昆蟲博物館/國立台北商業技術學院),62,25.041928,121.524591,臺北市
1,289,牯嶺公園,中正區,廈門街113巷/牯嶺街口西側,44,25.023377,121.518835,臺北市
1,290,新生公園,中山區,民族東路/吉林路口(西北側)(鄰近花博公園新生園區),26,25.068387,121.530188,臺北市
1,291,捷運松山站(3號出口),松山區,松山路/市民大道六段(西北側捷運3號出口)(鄰近饒河街夜市/彩虹橋),50,25.049616,121.577459,臺北市
1,292,合心廣場,南港區,玉成街80號(對面),40,25.046361,121.582848,臺北市
1,293,自來水園區,中正區,中正區思源街16號對面人行道(鄰近自來水博物館/自來水園區),40,25.013284,121.530037,臺北市
1,294,朱崙商場,中山區,龍江路15號前方人行道(鄰近遼寧夜市),36,25.047617,121.540431,臺北市
1,295,敦親公園,大安區,和平東路二段96巷8之1號(前方)(鄰近資訊科學展示中心),26,25.023473,121.541083,臺北市
1,296,萬和二號公園,文山區,萬隆街255號(對面),32,25.001545,121.536446,臺北市
1,297,長沙公園,萬華區,環河南路一段280號之1(東側)(鄰近艋舺青山宮),26,25.041702,121.499922,臺北市
1,298,太原五原路口,大同區,太原路 / 五原路口(東南側)(鄰近寧夏夜市),32,25.056458,121.516976,臺北市
1,299,萬華國中,萬華區,西藏路 / 莒光路299巷口(東南側),32,25.029264,121.499358,臺北市
1,300,信義基隆路口,信義區,信義路四段401號(前方)(鄰近台北國際會議中心),28,25.033209,121.558731,臺北市
1,301,林森長春路口,中山區,林森北路/長春路口西北角人行道(林森長春路口)(鄰近林森公園/康樂公園),28,25.055062,121.525383,臺北市
1,302,敦北公園,松山區,敦化北路 / 富錦街口(東北側),40,25.060746,121.550711,臺北市
1,303,安泰街83巷,內湖區,安泰街83巷3號對面,34,25.076691,121.617085,臺北市
1,304,金華公園,大安區,金華街251號對面(金華公園)(鄰近永康街),32,25.029902,121.531235,臺北市
1,305,碧山公園,內湖區,內湖路三段60巷8弄1號(東南側),46,25.087413,121.592253,臺北市
1,306,捷運古亭站(6號出口),大安區,羅斯福路二段 / 羅斯福路二段15巷口(西側),52,25.027781,121.52198,臺北市
1,307,仁愛安和路口,大安區,仁愛路四段 / 仁愛路四段222巷(東南側),30,25.03757,121.552076,臺北市
1,308,西松高中,松山區,健康路325巷 / 健康路325巷12弄口(東北側),30,25.055672,121.567127,臺北市
1,309,三軍總醫院(松山分院),松山區,光復北路 / 光復北路190巷口(東南側),38,25.05447,121.556098,臺北市
1,310,國立臺北大學(臺北校區),中山區,民生東路三段 / 復興北路280巷10弄口(西北側),32,25.057923,121.542732,臺北市
1,311,捷運忠孝新生站(2號出口),中正區,忠孝東路二段123號對面(捷運忠孝新生站2號出口)(鄰近光華數位新天地(光華商場)),30,25.042392,121.532229,臺北市
1,312,捷運信義安和站(1號出口),大安區,信義路四段 / 安和路一段口(東北側),34,25.033323,121.552787,臺北市
1,313,光華商場,中正區,市民大道三段/新生北路一段路口西南側人行道(光華商場)(鄰近光華數位新天地(光華商場)/三創生活園區),64,25.04515,121.532738,臺北市
1,314,敦化長春路口,松山區,敦化北路 / 敦化北路120巷口(西南側)(鄰近臺北小巨蛋),34,25.053614,121.54872,臺北市
1,315,捷運萬隆站(1號出口),文山區,羅斯福路五段 / 羅斯福路五段236巷口(南側),38,25.001447,121.539037,臺北市
1,316,民有一號公園,松山區,敦化北路244巷 / 民權東路三段160巷口(西南側),34,25.060911,121.54763,臺北市
1,317,雙園國中,萬華區,西園路二段320巷 / 興義街(西北側),30,25.026823,121.491675,臺北市
1,318,成功金龍路口,內湖區,成功路四段/金龍路口(捷運內湖站1號出口),30,25.084135,121.59484,臺北市
1,319,民族林森路口,中山區,民族東路 / 林森北路口(西北側)(鄰近花博公園美術園區),38,25.068507,121.525322,臺北市
1,320,捷運南京三民站(3號出口),松山區,南京東路五段204號(前方),28,25.051287,121.564262,臺北市
1,321,莒光大埔街口,中正區,莒光路/大埔街口東北側(莒光大埔街口)(鄰近南機場夜市),32,25.031334,121.505085,臺北市
1,322,永盛公園(民生東路一段23巷),中山區,民生東路一段23巷 / 民生東路一段27巷口(北側),30,25.058835,121.52504,臺北市
1,323,新興公園,中山區,錦州街13巷 / 中山北路二段137巷口(東南側)(鄰近雙城街夜市),26,25.061568,121.524392,臺北市
1,324,市立圖書館葫蘆堵分館,士林區,延平北路5段136巷4號對面,24,25.08221,121.5108,臺北市
1,325,南京東路六段368巷,內湖區,南京東路六段368巷30號對面人行道,40,25.05827,121.58707,臺北市
1,326,基隆路一段101巷口,信義區,基隆路一段 / 基隆路一段101巷口(東南側),30,25.04525,121.56709,臺北市
1,327,重慶南海路口,中正區,重慶南路二段45號前方(郵政博物館前)(鄰近郵政博物館/國立台灣藝術教育館),24,25.03158,121.51464,臺北市
1,328,一江公園,中山區,一江街 / 松江路132巷口(西北側)(鄰近四平陽光商圈),36,25.05316,121.53146,臺北市
1,329,樂群二明水路口,中山區,樂群二路 / 明水路口(東側),34,25.07983,121.55236,臺北市
1,330,迪化休閒運動公園,大同區,延平北路四段200號(南側),28,25.07491,121.5115,臺北市
1,331,民族玉門街口,中山區,民族西路 / 民族西路31巷口(東北側)(鄰近大同大學/花博公園圓山園區/花博圓山公園區-爭艷館/中山親子館),34,25.06859,121.51974,臺北市
1,332,捷運中山站(2號出口),中山區,南京西路6號(前方)(鄰近台北之家(光點台北)),34,25.05225,121.52193,臺北市
1,333,復盛公園,松山區,八德路四段106巷6弄2號(東側)(鄰近京華城/中保寶貝城(BabyBoss City)/台北機廠),28,25.047428,121.561182,臺北市
1,334,敦化南路二段103巷口,大安區,敦化南路二段97-101號(西側),24,25.028973,121.549024,臺北市
1,335,景文中學,文山區,保儀路/木柵路三段102巷口(西南側),32,24.986301,121.567855,臺北市
1,336,承德路三段8巷口,大同區,承德路三段12號(前方),22,25.06382,121.51815,臺北市
1,337,彩虹橋,內湖區,潭美街27號西側(行善公園東南角)(鄰近饒河街夜市/彩虹橋),30,25.05301,121.57592,臺北市
1,338,成德國中,南港區,東新街108巷10之1號(西側),32,25.04573,121.58794,臺北市
1,339,重慶國中,大同區,敦煌路68號(北側),34,25.07581,121.51816,臺北市
1,340,南京光復路口,松山區,南京東路四段182號(北側),22,25.05143,121.55716,臺北市
1,341,捷運芝山站(1號出口),士林區,文林路 / 福華路口(東側),38,25.10094,121.52243,臺北市
1,342,文林建民路口,北投區,文林北路224-238號(東南側),30,25.10779,121.51468,臺北市
1,343,忠孝東路六段185巷口,南港區,忠孝東路六段187號(東南側),30,25.04904,121.58755,臺北市
1,344,捷運忠孝復興站(5號出口),大安區,復興南路一段133號(西南側)(鄰近東區地下街),42,25.04264,121.54401,臺北市
1,345,中正運動中心,中正區,信義路一段1號(西側)(鄰近臺北市青少年發展處/中正親子館),52,25.03806,121.51943,臺北市
1,346,陽明高中,士林區,中正路510號(西南側),36,25.09157,121.51669,臺北市
1,347,博愛寶慶路口,中正區,博愛路 / 寶慶路口(西北側)(鄰近總統府/中山堂),26,25.04134,121.51135,臺北市
1,348,民生立體停車場,松山區,民生東路五段82號(東側),24,25.058522,121.55942,臺北市
1,349,重慶酒泉街口,大同區,重慶北路三段272號(東側)(鄰近保安宮),28,25.07183,121.51364,臺北市
1,350,復興南路二段128巷口,大安區,復興南路二段144-3號前方,32,25.02904,121.54336,臺北市
1,351,中山青島路口,中正區,中山南路 / 青島東路口東北側,38,25.04469,121.51954,臺北市
1,352,民權迪化街口,大同區,迪化街一段351號(東北側)(鄰近延三夜市(大橋頭夜市)),46,25.06318,121.50944,臺北市
1,353,紀州庵,中正區,水源路 / 同安街口 (東側),30,25.02088,121.52049,臺北市
1,354,建國濟南路口,大安區,建國南路一段/濟南路三段口(東南側),28,25.040033,121.538084,臺北市
1,355,福山公園,南港區,研究院路二段61巷15號(東側),34,25.04478,121.61759,臺北市
1,356,臺北市網球中心,內湖區,民權東路六段/民權東路六段210巷口(西南側),32,25.0674,121.59749,臺北市
1,357,松友公園,信義區,信義路六段76巷2弄16號(南側),26,25.03423,121.57636,臺北市
1,358,新明成功路口,內湖區,新明路/成功路二段口(西南側),30,25.06058,121.5911,臺北市
1,359,健安新城,松山區,三民路41號(東側),34,25.05601,121.56358,臺北市
1,360,民權建國路口,中山區,民權東路三段/建國北路三段口(東北側)(鄰近建國假日花市),44,25.06252,121.53754,臺北市
1,361,振興醫院,北投區,振興街/明德路口(西北側)(鄰近國立臺北護理健康大學),32,25.1177,121.5222,臺北市
1,362,和平金山路口,大安區,和平東路一段 / 金山南路二段口(西南側)(鄰近臺灣師範大學),30,25.02672,121.52533,臺北市
1,363,復興南路一段340巷口,大安區,復興南路一段322號(東南側),32,25.03617,121.5435,臺北市
1,364,嘉興公園,大安區,樂業街101巷 / 樂業街口(北側側),38,25.02109,121.55219,臺北市
1,365,陽明大學,北投區,東華街二段136號(南側),50,25.11912,121.51223,臺北市
1,366,碧湖公園,內湖區,內湖路二段/內湖路二段103巷口(東北側)(鄰近碧湖公園),42,25.07988,121.58287,臺北市
1,367,豐年公園,北投區,大業路539號(東側),30,25.13597,121.497019,臺北市
1,368,臺灣戲曲中心,士林區,文林路751號(南側)(鄰近臺灣戲曲中心),44,25.10208,121.51979,臺北市
1,369,世新大學,文山區,木柵路一段17巷1號(西側),34,24.98862,121.54361,臺北市
1,370,新和國小,萬華區,中華路二段416巷/萬大路277巷37弄口(東側),32,25.02656,121.50242,臺北市
1,371,南門國中,中正區,廣州街8巷/廣州街口(東南側),38,25.03532,121.50834,臺北市
1,372,重慶民族路口,大同區,重慶北路三段154號(前方/東側),26,25.06825,121.51359,臺北市
1,373,中崙福成宮,松山區,市民大道四段63號(鄰近微風廣場/黑松世界),32,25.04525,121.546635,臺北市
1,374,麗湖國小,內湖區,金湖路363巷5號對側,34,25.073322,121.602225,臺北市
1,375,銘傳大學,士林區,中山北路五段250號(銘傳大學對側)(鄰近銘傳大學/士林夜市),48,25.087714,121.526766,臺北市
1,376,民生建國路口,中山區,民生東路三段 / 建國北路二段口,36,25.057778,121.536915,臺北市
1,377,南港路二段178巷口,南港區,南港路二段 / 南港路二段178巷口(北側),30,25.053675,121.599693,臺北市
2,378,陽光街321巷口,內湖區,陽光街321巷 / 陽光街口(南側),42,25.073193,121.578691,臺北市
1,379,春光公園,信義區,忠孝東路五段721號(對側),38,25.042619,121.580762,臺北市
1,380,塔悠疏散門,松山區,塔悠路 / 撫遠街389巷口(南側),30,25.064713,121.567899,臺北市
1,381,民權東路六段15巷,內湖區,民權東路六段15巷35號,30,25.06853,121.578125,臺北市
1,382,聯合醫院和平院區,中正區,中華路二段33號(南側),42,25.03516,121.50639,臺北市
1,383,一壽橋,文山區,樟新街64號前方,26,24.97848,121.55545,臺北市
1,384,松基公園,松山區,長春路339巷 / 復興北路189巷口,30,25.05491,121.5448,臺北市
1,385,和興路26巷口,文山區,和興路44巷 / 和興路26巷口,40,24.9856,121.54531,臺北市
1,386,錦州吉林路口,中山區,錦州街162號前方,30,25.06029,121.52981,臺北市
1,387,吳興街260巷,信義區,吳興街260巷 / 吳興街260巷19弄口(鄰近台北醫學大學),32,25.0261,121.56316,臺北市
1,388,景華街128巷口,文山區,景華街126號前方,24,24.995563,121.547092,臺北市
1,389,福德國小,信義區,福德街251巷2號(對面/東側),30,25.038324,121.586245,臺北市
1,390,稻香重三路口,北投區,稻香路 / 稻香路43巷口(西北側),34,25.139937,121.489594,臺北市
1,391,景仁公園,文山區,景仁街 / 羅斯福路六段142巷口(北側),30,24.9966,121.540295,臺北市
1,392,南京東興路口,松山區,南京東路五段 / 東興路口(北側),30,25.051489,121.565347,臺北市
1,393,內溝溪生態展示館,內湖區,康樂街236之3號(西北側),24,25.087217,121.623062,臺北市
1,394,松德虎林街口,信義區,松德路71號前方,32,25.038352,121.576248,臺北市
1,395,安強公園,信義區,虎林街212巷58號(西南側),28,25.036844,121.575413,臺北市
1,396,新東街51巷口,松山區,三民路 / 新東街51巷口(東側)(鄰近松山親子館),28,25.061501,121.563318,臺北市
1,397,劍潭海外青年活動中心,士林區,通河街 / 通河街2巷(南側)(鄰近圓山大飯店/劍潭公園)(鄰近芝山岩/芝山巖惠濟宮/芝山文化生態綠園),36,25.079603,121.5237,臺北市
1,398,聯合醫院陽明院區,士林區,雨聲街105號(南側),30,25.104546,121.531949,臺北市
1,399,和平龍泉街口,大安區,和平東路一段178號(前側)(鄰近臺灣師範大學),34,25.026404,121.52946,臺北市
1,400,和平敦化路口,大安區,和平東路三段 / 敦化南路二段口(東側),34,25.02444,121.549076,臺北市
1,401,南京新生路口,中山區,新生北路一段 / 南京東路一段口(橋墩下方)(鄰近林森公園/康樂公園),34,25.051944,121.527661,臺北市
1,402,下灣公園,內湖區,民權東路六段206巷 / 民權東路六段190巷75弄口,28,25.065159,121.595611,臺北市
1,403,捷運內湖站(1號出口),內湖區,成功路四段182巷 / 成功路四段182巷6弄口(東南側),28,25.083868,121.593929,臺北市
1,404,民族延平路口,大同區,民族西路 310 號前方,30,25.068653,121.510569,臺北市
1,1001,大鵬華城,新店區,新北市新店區中正路700巷3號,38,24.99116,121.53398,新北市
1,1002,汐止火車站,汐止區,南昌街/新昌路口(西側廣場),56,25.068914,121.662748,新北市
1,1003,汐止區公所,汐止區,新台五路一段/仁愛路口(新台五路側汐止地政事務所前機車停車場),46,25.064162,121.658301,新北市
1,1004,國泰綜合醫院,汐止區,建成路78號對面停車場,56,25.07315,121.662555,新北市
1,1005,裕隆公園,新店區,寶中路/品牌路口(東南側),40,24.979649,121.546319,新北市
1,1006,捷運大坪林站(5號出口),新店區,中興路三段224號(對面),94,24.98283,121.54362,新北市
1,1007,汐科火車站(北),汐止區,大同路二段184巷/龍安路202巷(西側)(汐科火車站北站出口前),34,25.064106,121.653019,新北市
1,1008,興華公園,三重區,重陽路一段120巷/中華路2巷,40,25.060125,121.483101,新北市
1,1009,三重國民運動中心,三重區,集美街/重新路四段184巷,68,25.054391,121.488489,新北市
1,1010,捷運三重站(3號出口),三重區,捷運路/捷運路37巷,34,25.055883,121.484739,新北市
1,1011,樟樹國小,汐止區,樟樹二路/樟樹一路141巷,48,25.066688,121.640367,新北市
1,1012,金龍國小,汐止區,中興路/民族六街,52,25.0688,121.628908,新北市
1,1013,白雲國小,汐止區,民權街二段90號,46,25.047578,121.618888,新北市
1,1014,東勢宜興活動中心,汐止區,東勢街/芳園街,52,25.039031,121.624333,新北市
1,1015,後港公園,新莊區,建安街/建安街57巷,40,25.025358,121.428348,新北市
1,1016,福營行政中心,新莊區,四維路17號-20號,42,25.024125,121.42387,新北市
1,1017,西盛公園,新莊區,新莊區西盛街/西盛街201巷,36,25.017113,121.428048,新北市
1,1018,忠誠里(北新路2段97巷),新店區,北新路二段/北新路二段97巷,40,24.974272,121.542779,新北市
1,1019,仁愛廣場,蘆洲區,民權路139號旁,50,25.090565,121.471621,新北市
1,1020,重陽國小,三重區,中正北路/三民街175巷,42,25.066245,121.484337,新北市
1,1021,明志國中,三重區,中正北路107號,50,25.063396,121.488982,新北市
1,1022,三重商工,三重區,中正北路/中正北路276巷,64,25.068681,121.480705,新北市
1,1023,捷運新莊站(1號出口),新莊區,中正路/中華路一段(鄰近新莊廟街),58,25.036152,121.452069,新北市
1,1024,原興廣場,汐止區,原興路/中興路150巷,52,25.065042,121.633149,新北市
1,1025,文化白雲公園,汐止區,水源路二段42號訖水源路二段68號,76,25.056875,121.655207,新北市
1,1026,秀山國小,中和區,更生街/自立路(西南側),62,24.996151,121.521988,新北市
1,1027,捷運永安市場站,中和區,中安街/中和路378巷(東南側),72,25.001013,121.511588,新北市
1,1028,福和國中,永和區,永貞路/永亨路(東南側),66,25.005952,121.52093,新北市
1,1029,仁愛公園,永和區,仁愛路/保生路(鄰近世界宗教博物館),60,25.009838,121.505825,新北市
1,1030,中和公園,中和區,安樂路/得和路(西南側),46,25.000726,121.51435,新北市
1,1031,金龍公園,汐止區,湖前街31巷2弄/湖前街31巷,52,25.069473,121.631525,新北市
1,1032,重陽公園,蘆洲區,集賢路221巷重陽活動中心(鄰近蘆洲兒童親子分館),50,25.085688,121.483618,新北市
1,1033,捷運三民高中站(1號出口),蘆洲區,三民路105號(鄰近湧蓮寺/紫禁城博物館),78,25.085815,121.472722,新北市
1,1034,中原公園,蘆洲區,長興路22號前通道,58,25.083316,121.463894,新北市
1,1035,丹鳳派出所,新莊區,雙鳳路77巷丹鳳派出所前,38,25.027694,121.414662,新北市
1,1036,小金門友誼公園,新店區,民族路/建興街,60,24.977227,121.53814,新北市
1,1037,中興寶橋路口,新店區,中興路三段1號旁,52,24.97618,121.54687,新北市
1,1038,新莊棒球場,新莊區,和興街75號/復興路一段23號(鄰近新莊綜合運動場),74,25.041603,121.446053,新北市
1,1039,頂溪國小,永和區,文化路133號(西側)(鄰近永和親子圖書閱覽室),44,25.015811,121.511261,新北市
1,1040,永和國小,永和區,中正路390號至426號對面,38,25.002272,121.517442,新北市
1,1041,秀朗國小,永和區,民生路15號至23號對面,48,24.999392,121.522843,新北市
1,1042,台北慈濟醫院,新店區,建國路289號旁空地,40,24.985872,121.536887,新北市
1,1043,捷運頂溪站(1號出口),永和區,中興街1號對面,36,25.012176,121.515271,新北市
1,1044,保安永平路口,永和區,保安路248號至250號對面,42,25.012691,121.506471,新北市
1,1045,崇光女中,新店區,三民路14號至三民路18號,36,24.972127,121.539554,新北市
1,1046,新店高中,新店區,三民路159巷/三民路108號(對面人行道),42,24.974181,121.534209,新北市
1,1047,新莊文化藝術中心,新莊區,中平路133號前(鄰近新莊文化藝術中心),48,25.04715,121.444453,新北市
1,1048,中華中原路口,新莊區,中原路/中華路二段,58,25.054232,121.451752,新北市
1,1049,新北高中,三重區,三信路1號旁,60,25.087225,121.489525,新北市
1,1050,福壽公園,新莊區,福壽街130號至140號(對面福壽公園),36,25.051829,121.457746,新北市
1,1051,保長公園,汐止區,保長路/保長路45巷,60,25.079523,121.674342,新北市
1,1052,新店公有中央市場,新店區,中央四街64號對面,36,24.975308,121.527287,新北市
1,1053,永平高中,永和區,永平路/永平路203巷口(靠學校圍牆路側)(鄰近樂華夜市/世界宗教博物館),34,25.00979,121.509092,新北市
1,1054,惠國市場,新店區,中正路75巷至中正路95巷間(鄰近馬公友誼公園),36,24.970415,121.543384,新北市
1,1055,陽光橋,新店區,溪園路/中山路,40,24.978494,121.524176,新北市
1,1056,中興寶慶街口,新店區,中興路三段/寶慶街,50,24.986942,121.54195,新北市
1,1057,東方科學園區,汐止區,新台五路一段90-116號,52,25.061262,121.649512,新北市
1,1058,連興龍安路口,汐止區,連興路/龍安路28巷,70,25.062989,121.65443,新北市
1,1059,青山國民中小學,汐止區,莊敬街33號,50,25.061034,121.655586,新北市
1,1060,汐止區綜合運動場,汐止區,汐科路/秀峰路,44,25.066238,121.659067,新北市
1,1061,汐止公園,汐止區,大同路二段451號,52,25.067682,121.659763,新北市
1,1062,保順環河西路口,永和區,保順環河西路口,58,25.010786,121.503376,新北市
1,1063,台灣科學園區,汐止區,大同路一段237號前空地,40,25.0579,121.634899,新北市
1,1064,中正國小,新店區,三民路36號-42-1號前機車格,32,24.971496,121.536296,新北市
1,1065,開元市民活動中心,三重區,開元街58號/長元街65巷16弄對面,42,25.066074,121.503557,新北市
1,1066,雍和科學園區,汐止區,南陽街185號,44,25.058078,121.626018,新北市
1,1067,二重國小,三重區,頂崁街164號至188號(對面二重國小),46,25.065976,121.477656,新北市
1,1068,二重國中,三重區,忠孝路三段75巷1號至忠孝路三段75巷11號(對面人行道),70,25.065957,121.480465,新北市
1,1069,三重行政中心,三重區,新北大道一段15巷至新北大道一段5巷2弄(區公所人行道),44,25.060566,121.488229,新北市
1,1070,新北市立圖書館三重分館,三重區,自強路一段162號至自強路一段二弄4號(對面停車場),50,25.066099,121.495529,新北市
1,1071,三張公園,三重區,大智街127號至大智路137號(對面三張公園),40,25.070507,121.490935,新北市
1,1072,捷運丹鳳站(1號出口),新莊區,中正路/民安路,46,25.029032,121.422799,新北市
1,1073,永福橋,永和區,豫溪街217巷27號對面人行道,50,25.010032,121.524184,新北市
1,1074,中港國小,新莊區,中和街70號對面,50,25.045673,121.4478,新北市
1,1075,六合公園,三重區,自強路二段74巷27號對面,40,25.069499,121.487588,新北市
1,1076,正義公園,三重區,文化北路101號至119號對面,52,25.068551,121.497818,新北市
1,1077,捷運徐匯中學站(1號出口),蘆洲區,中山一路3號(捷運徐匯中學站1號出口旁),56,25.080468,121.479852,新北市
1,1078,黃城公園,新莊區,中信街74號旁,38,25.052382,121.448239,新北市
1,1079,捷運菜寮站(3號出口),三重區,重新路三段67號旁,30,25.060471,121.492198,新北市
1,1080,捷運三和國中站(1號出口),三重區,三和路四段95號至97號對面(捷運三和國中站1號出口),88,25.075881,121.487795,新北市
1,1081,中和國民運動中心,中和區,和城路一段/中正二橋,50,24.993477,121.487692,新北市
1,1082,四維公園,新莊區,四維路181號對面(四維活動中心出口前),40,25.021308,121.422185,新北市
1,1083,蘆洲國民運動中心,蘆洲區,長興路237巷/長興路,42,25.091945,121.461613,新北市
1,1084,和平公園,三重區,忠孝路二段/忠孝路二段32巷,36,25.070884,121.485712,新北市
1,1085,三重綜合體育館,三重區,新北大道一段1號前人行道,52,25.061446,121.491926,新北市
1,1086,信義公園,三重區,信義西街18號對面人行道(鄰近三和夜市),36,25.064804,121.498749,新北市
1,1087,捷運小碧潭站(1號出口),新店區,捷運小碧潭站1號出口旁西側人行道(環河路側)(鄰近小碧潭景觀廣場),44,24.97152,121.53029,新北市
1,1088,秀得里(成功路二段),永和區,成功路二段28號至34號,28,25.000705,121.526729,新北市
1,1089,永平公園,蘆洲區,永樂街38巷42弄公園人行道(永平市場南側),44,25.089987,121.459424,新北市
1,1090,永康公園,蘆洲區,長安街297號(對面),34,25.08492,121.45821,新北市
1,1091,頭前運動公園,新莊區,頭成街165號對面人行道,50,25.05218,121.462124,新北市
1,1092,頭前國中,新莊區,中原路3至9號對面人行道,42,25.054464,121.459318,新北市
1,1093,建國民權路口,新店區,建國路259號前人行道,46,24.983184,121.537462,新北市
2,1094,聯邦公園,三重區,三民街/中華路,48,25.064447,121.48371,新北市
1,1095,捷運蘆洲站,蘆洲區,三民路/中正路口,92,25.091637,121.464031,新北市
1,1096,集成成功路口,三重區,集成路2號至8號前人行道,32,25.051542,121.488208,新北市
1,1097,板橋國民運動中心,板橋區,英士路/智樂路,44,25.022235,121.458152,新北市
1,1098,永安公園,板橋區,雙十路一段25號前人行道,38,25.024478,121.477572,新北市
1,1099,捷運江子翠站(3號出口),板橋區,文化路二段/雙十路二段(鄰近石雕公園/板橋農村公園),44,25.029729,121.472359,新北市
1,1100,音樂公園,板橋區,大同街97號對面公園人行道,48,25.028631,121.48046,新北市
1,1101,捷運七張站(1號出口),新店區,北新路二段/北新路二段121巷,42,24.974996,121.542767,新北市
1,1102,北新國小,新店區,寶橋路8號前人行道,44,24.974233,121.544428,新北市
1,1103,捷運新埔站(2號出口),板橋區,文化路一段318號旁廣場,40,25.022095,121.467598,新北市
1,1104,聯合醫院板橋院區,板橋區,龍泉街131號旁人行道(立體停車場前),34,25.023832,121.457773,新北市
2,1105,捷運板橋站(3號出口),板橋區,文化路一段117號對面人行道(鄰近板橋高鐵站),68,25.014797,121.462051,新北市
1,1106,民生公園,板橋區,民生路一段/民生路一段30巷,42,25.013087,121.475894,新北市
2,1107,新北市政府(新府路),板橋區,新府路1號對面人行道(鄰近板橋高鐵站/新北市市民廣場),56,25.012374,121.464224,新北市
2,1108,捷運板橋站(1號出口),板橋區,縣民大道二段3號(秀泰影城門口)(鄰近板橋高鐵站),102,25.013174,121.4619,新北市
1,1109,板橋地政事務所,板橋區,實踐路5號對面,52,25.007983,121.463387,新北市
1,1110,板橋戶政事務所,板橋區,中正路6號前人行道(鄰近林家花園(林本源園邸)/大觀義學(大觀書社)),44,25.012839,121.456308,新北市
1,1111,板橋和平公園,板橋區,重慶路355號前廣場,40,24.997679,121.464326,新北市
1,1112,碧華公園,三重區,溪尾街303號(對面公園),36,25.083741,121.487491,新北市
1,1113,五福里(五華街),三重區,五華街64號對面人行道(碧華國中旁),52,25.081725,121.493902,新北市
1,1114,同安公園,三重區,正義南路/同安東街(正義南路側公園廣場)(鄰近新北市眷村文化園區（空軍三重一村）),30,25.05732,121.499067,新北市
1,1115,中華里(中華路二段),新莊區,中華路2段31號對面,38,25.045951,121.453766,新北市
1,1116,中華自治街口,新莊區,中華路2段/自治街口人行道(中港大排東側),36,25.047855,121.453202,新北市
1,1117,捷運府中站(3號出口),板橋區,府中路31號至53號對面(鄰近板橋慈惠宮/府中商圈(板橋後站商圈)),42,25.008999,121.458776,新北市
1,1118,捷運亞東醫院站(2號出口),板橋區,南雅南路二段122-23號前人行道,52,24.99783,121.452315,新北市
1,1119,新泰公園,新莊區,建中街116巷/建中街116巷3弄,42,25.0372,121.444946,新北市
1,1120,上林里(環河東路一段),永和區,環河東路一段/竹林路75巷25弄,38,25.014999,121.520951,新北市
1,1121,進安公園,三重區,仁義街258號至290號,34,25.086031,121.493774,新北市
1,1122,自強溪尾街口,三重區,自強路4段/溪尾街,40,25.07822,121.490157,新北市
1,1123,捷運三重國小站,三重區,仁愛街/三和路3段11巷,52,25.070418,121.497126,新北市
1,1124,五堵火車站,汐止區,鄉長路一段人行道側,68,25.077493,121.666869,新北市
1,1125,捷運南勢角站(4號出口),中和區,捷運路3號(對面)(鄰近興南夜市),76,24.98942,121.50995,新北市
1,1126,柳堤公園,蘆洲區,長樂路125號對面公園通道,42,25.087989,121.462192,新北市
1,1127,新北市立圖書館總館,板橋區,貴興路119巷(鄰近新北市立圖書館總館),36,25.001583,121.455524,新北市
1,1128,永福國小,三重區,永福街/下竹圍街,36,25.077714,121.480315,新北市
1,1129,明志國小,泰山區,明志路二段324號對面人行道(鄰近明志書院),64,25.045729,121.426269,新北市
1,1130,蘆洲三民公園,蘆洲區,三民路615號對面人行道(鄰近大台北都會公園),34,25.094306,121.460134,新北市
1,1131,臺北醫院,新莊區,思源路131號至137號前人行道,34,25.043536,121.459772,新北市
1,1132,重新重安街口,三重區,重新路三段/重安街,36,25.058443,121.489751,新北市
1,1133,柴埕市民活動中心,新店區,安民街/安民街65巷,38,24.966775,121.516479,新北市
1,1134,思賢國小,新莊區,福樂街66號對面,52,25.046446,121.457716,新北市
1,1135,莊敬公園,板橋區,萬板路/民生路二段(鄰近板橋萬板親子圖書閱覽室),38,25.020983,121.470821,新北市
1,1136,豐年國小,新莊區,瓊泰路161號對面人行道,34,25.031278,121.44323,新北市
1,1137,新海長江路口,板橋區,長江路一段/新海路,36,25.02853,121.457367,新北市
1,1138,捷運新埔站(4號出口),板橋區,民生路二段250號前人行道,50,25.023491,121.468559,新北市
1,1139,板橋仁愛公園,板橋區,國慶路49巷23號對面,52,24.99643,121.459696,新北市
1,1140,泰山國小,泰山區,泰林路2段257號旁人行道,32,25.062345,121.431475,新北市
1,1141,縣民民族路口,板橋區,縣民大道一段/民族路(鄰近府中商圈(板橋後站商圈)),36,25.010012,121.461097,新北市
1,1142,光華東帝士,新莊區,民安西路370號至376號前,40,25.010795,121.427836,新北市
1,1143,廣福公園,板橋區,廣權路/廣和街,38,24.991643,121.462872,新北市
1,1144,板橋四維公園,板橋區,陽明街251號至259號對面人行道,54,25.025464,121.462633,新北市
1,1145,捷運頂埔站(2號出口),土城區,新北市土城區中央路四段53號(前),52,24.959276,121.419008,新北市
1,1146,龍門龍濱路口,三重區,龍濱路192號對面,36,25.073475,121.500977,新北市
1,1147,青潭國小,新店區,北宜路2段149號對面,40,24.953101,121.551813,新北市
1,1148,金城忠義路口,土城區,金城路一段/忠義路,34,24.969399,121.440808,新北市
1,1149,華德公園,板橋區,四川路二段245巷60號對面,38,24.991683,121.45332,新北市
1,1150,橋東里(忠孝東路),汐止區,忠孝東路484號至488號前,40,25.073682,121.666257,新北市
1,1151,中山國中,板橋區,文化路一段188巷56號,36,25.018559,121.467509,新北市
1,1152,捷運土城站(2號出口),土城區,金城路1段/和平路,52,24.972631,121.443563,新北市
1,1153,四川遠東路口,板橋區,遠東路5號前人行道(四川路側),48,24.998003,121.457355,新北市
1,1154,員林社區公園,土城區,員林街12巷對面,42,24.977883,121.443237,新北市
1,1155,中正橋,永和區,環河東路一段/光復街(鄰近楊三郎美術館),30,25.017757,121.516809,新北市
1,1156,北港國小,汐止區,汐萬路二段279號,44,25.089027,121.645946,新北市
1,1157,捷運新店站,新店區,中興路一段34號前(高架橋下停車場),54,24.958605,121.538659,新北市
1,1158,錦和運動公園,中和區,錦和路163號,36,24.992086,121.490671,新北市
1,1159,新樹公園,新莊區,新樹路627號對面,32,25.003383,121.433154,新北市
1,1160,中和環球購物中心,中和區,中山路三段130號,40,25.006367,121.474223,新北市
1,1161,楓樹腳公園,泰山區,楓江路26巷26號前人行道(鄰近泰山親子圖書閱覽室),36,25.061938,121.434939,新北市
1,1162,厚德公園,三重區,忠孝路一段37號,36,25.071988,121.4912,新北市
1,1163,板橋信義公園,板橋區,四川路二段6號對面(鄰近玉美人孕婦裝觀光工廠),40,24.996183,121.456476,新北市
1,1164,國光里(國光路),板橋區,國光路76號旁,34,25.017755,121.458308,新北市
1,1165,民生長江路口,板橋區,民生路三段/長江路一段(64高架橋下方),100,25.030904,121.463596,新北市
1,1166,華福市民活動中心,中和區,民德路296號對面停車格位,36,24.995482,121.467525,新北市
1,1167,浮洲合宜住宅(合安一路),板橋區,合安一路/大觀路二段153巷,34,24.999329,121.446343,新北市
1,1168,建福公園,新莊區,建福路/建福路49巷,38,25.027694,121.426685,新北市
1,1169,水河里活動中心,蘆洲區,民族路408巷/復興路323巷,52,25.093949,121.473913,新北市
2,1170,金城延和路口,土城區,金城路三段/延和路(土城台電變電站),38,24.989155,121.470454,新北市
1,1171,國光公園,板橋區,中正路325巷/中正路341巷,48,25.019828,121.453852,新北市
1,1172,樹林火車站(後站),樹林區,後站街6巷11號對面,66,24.992553,121.424652,新北市
1,1173,文林國小,樹林區,千歲街59號,32,24.997856,121.42636,新北市
1,1174,土城綜合體育場,土城區,裕民路195巷旁,44,24.983671,121.454211,新北市
1,1175,板橋福德公園,板橋區,新站路1號對面(鄰近新北市市民廣場),32,25.011498,121.467415,新北市
1,1176,光華公園,樹林區,保安街2段259號對面(鄰近樹林興仁花園夜市),32,25.005412,121.413157,新北市
1,1177,樹林大安活動中心,樹林區,備前街/復興路372巷口,36,24.986391,121.41477,新北市
1,1178,三民中山一路口,蘆洲區,三民路8號前(鄰近紫禁城博物館),36,25.082229,121.476004,新北市
1,1179,義學國小,泰山區,民生路33號對面人行道,34,25.051762,121.431669,新北市
1,1180,自然公園,三重區,如意街/集賢路口,34,25.08984,121.487987,新北市
1,1181,板林溪北路口,板橋區,板林路/溪北路,46,24.990555,121.42635,新北市
1,1182,新北市藝文中心,板橋區,莊敬路/文化路2段182巷(鄰近新北市藝文中心),40,25.026542,121.472279,新北市
1,1183,大安中央路口,土城區,大安路/中央路三段,32,24.965619,121.43261,新北市
1,1184,中和地政事務所,中和區,復興路280號,28,24.990393,121.502397,新北市
1,1185,華夏科技大學,中和區,工專路111號,64,24.980672,121.507652,新北市
1,1186,同興公園,泰山區,仁義路15號對面,34,25.055188,121.432128,新北市
1,1187,新五泰國民運動中心,泰山區,全興路214號對面,42,25.055865,121.434262,新北市
1,1188,溪洲公園停車場,板橋區,溪崑二街145號,34,24.986723,121.42682,新北市
1,1189,崑崙公園,板橋區,大觀路三段212巷70號對面,38,24.993406,121.429636,新北市
1,1190,捷運海山站(3號出口),土城區,海山路46號對面機車格位,74,24.986923,121.449335,新北市
1,1191,興化公園,新莊區,五工二路/五工三路50巷,38,25.065234,121.461115,新北市
1,1192,潤泰社區,板橋區,三民路二段35巷口,36,25.017953,121.479375,新北市
1,1193,西盛館,新莊區,新樹路499號前人行道(西盛館),30,25.011905,121.432713,新北市
1,1194,秀朗成功路口,中和區,秀朗路三段 / 成功路二段,38,24.995821,121.52655,新北市
1,1195,板橋國中,板橋區,中正路441號前人行道(鄰近435藝文特區),54,25.024903,121.45431,新北市
1,1196,永豐公園活動中心,板橋區,永豐街221號,32,25.021127,121.476853,新北市
1,1197,義仁市民活動中心,泰山區,明志路二段177號,36,25.050479,121.427667,新北市
1,1198,鶯歌國中,鶯歌區,建國路420號對面人行道(鄰近新太源藝術工坊),34,24.951734,121.342963,新北市
1,1199,捷運迴龍站(3號出口),新莊區,中正路/中正路746巷,60,25.02276,121.413053,新北市
1,1200,捷運先嗇宮站(2號出口),三重區,重新路五段515號,50,25.046068,121.470987,新北市
1,1201,鶯歌火車站(仁愛路),鶯歌區,仁愛路55號對側人行道(鄰近鶯歌車站/宏德宮(孫臏廟)),58,24.955591,121.354376,新北市
2,1202,建國育英路口,鶯歌區,鶯歌區建國路/育英街口機車停車場內(鄰近許新旺陶瓷紀念博物館/鶯歌光點美學館),50,24.952761,121.347193,新北市
1,1203,鶯歌陶瓷老街,鶯歌區,鶯歌區尖山埔路/國慶街(停車場內)(鄰近鶯歌陶瓷老街(鶯歌老街)/鶯歌光點美學館),44,24.952226,121.351035,新北市
1,1204,立泰里(中環路二段),新莊區,新莊區中環路二段423號(對面橋下)(鄰近新莊文化藝術中心),40,25.045676,121.442133,新北市
1,1205,竹圍公園,淡水區,淡水區民生路108號旁公園通道(竹圍公園),28,25.138234,121.463395,新北市
1,1206,新北市立鶯歌陶瓷博物館,鶯歌區,鶯歌區文化路407號(鄰近鶯歌陶瓷博物館),40,24.949549,121.352832,新北市
1,1207,浮洲合宜住宅(樂群路),板橋區,板橋區合宜路/樂群路口,46,24.9969909,121.4465092,新北市
1,1208,尖山公園,鶯歌區,鶯歌區尖山路161號對面,44,24.94822,121.345767,新北市
1,1209,崇德橋東活動中心,汐止區,茄苳路84號(崇德橋東里民活動中心前),46,25.070512,121.667002,新北市
1,1210,樹林區衛生所,樹林區,新北市樹林區中山路二段80-1號對面機車停車格,38,24.983768,121.415032,新北市
1,1211,溪墘公園,蘆洲區,信義路73巷2號對面公園人行道,36,25.079969,121.476205,新北市
1,1212,育德國小,樹林區,育德街13號對面人行道,34,24.970656,121.392602,新北市
1,1213,彭福國小,樹林區,國凱街130號對面,40,24.980335,121.423104,新北市
1,1214,民享藝文特區,中和區,民治街120號對面人行道,36,25.003435,121.475345,新北市
1,1215,億光電子(樹林高中),樹林區,中華路 / 樹中二街口(學校側門對面人行道),40,24.983567,121.423601,新北市
1,1216,捷運永寧站(2號出口),土城區,承天路11號對面,32,24.965783,121.436227,新北市
1,1217,竿蓁市民活動中心,淡水區,中正東路一段3巷2號對面路側(亞太飯店旁)(鄰近淡水百齡公園),48,25.16509,121.450831,新北市
1,1218,長壽親子公園,樹林區,樹德街35號對面(公園內縮空間),38,24.991853,121.421371,新北市
1,1219,新市國小,淡水區,中山北路二段189巷2號對面人行道(新市國小),36,25.185313,121.444332,新北市
1,1220,新北市立圖書館鶯歌分館,鶯歌區,中山路150號(圖書館內停車場),36,24.957195,121.349704,新北市
1,1221,德音國小,五股區,明德路2號(德音國小成泰路路側人行道)(鄰近維格餅家鳳梨酥夢工場),36,25.071515,121.43567,新北市
1,1222,中山北新春街口,淡水區,中山北路一段/新春街(東南側)(公園籃球場前人行道),40,25.180345,121.444742,新北市
2,1223,正德國中,淡水區,北新路116號對面人行道(正德國中),40,25.178512,121.447874,新北市
1,1224,金城立體停車場,土城區,金城路2段266號,42,24.984102,121.458595,新北市
1,1225,先嗇宮,三重區,五谷王北街77號(後方停車場旁人行道)(鄰近三重先嗇宮),40,25.05119,121.476007,新北市
2,1226,板橋第一運動場,板橋區,板橋區海山路23號對面,40,25.009061,121.468352,新北市
1,1227,光興國小,三重區,光興街/文化南路口(西南側)(光興街路側)(鄰近新北市眷村文化園區（空軍三重一村）),36,25.060339,121.500103,新北市
1,1228,安和市民活動中心,新店區,安興路67號對面空地 (高架橋下),38,24.975317,121.515687,新北市
1,1229,景安板南路口,中和區,景安路與板南路口(西南側三角公園),30,24.992249,121.504443,新北市
1,1230,新月橋,新莊區,瓊林路1號旁(碧江公園旁)(鄰近新月橋/新莊廟街),50,25.0323,121.450011,新北市
1,1231,修德國小,三重區,民生街74號對面人行道,42,25.065295,121.49045,新北市
1,1232,福祥里(中和溝),中和區,福祥路90巷7弄1號對側空間,38,25.005933,121.499565,新北市
1,1233,輕軌濱海義山站,淡水區,濱海路一段125~219號前人行道,40,25.189448,121.438708,新北市
1,1234,鴨母港抽水站,蘆洲區,永安南路二段334號(對面人行道),40,25.082935,121.456728,新北市
1,1235,捷運淡水站,淡水區,公明街73巷6號前(淡水老街廣場)(鄰近淡水捷運站/淡水龍山寺/捷運淡水線),106,25.168826,121.444183,新北市
1,1236,安成安德街口,新店區,安成街26號至36號對面,36,24.961147,121.509988,新北市
1,1237,淡水國民運動中心,淡水區,中山北路2段381巷2號,46,25.186496,121.443261,新北市
1,1238,捷運竹圍站,淡水區,民權路105號-115號前人行道,46,25.137658,121.460112,新北市
1,1239,龍門公園,三重區,公園街/仁福街 (龍門公園人行道上),38,25.074815,121.498484,新北市
1,1240,輕軌淡水行政中心站,淡水區,濱海中山北路口西南側人行道(家樂福廣場前人行道),34,25.188887,121.443505,新北市
1,1241,永安圖書館,蘆洲區,永安南路二段150號(對側人行道),36,25.078599,121.462228,新北市
1,1242,西盛廣場,新莊區,樹新路251號對面(西盛廣場人行道),34,25.000894,121.431485,新北市
1,1243,三峽區公所(三峽老街),三峽區,中山路17號(公所旁徒步區)(鄰近三峽清水祖師廟/三峽歷史文物館/三峽老街),42,24.934187,121.369158,新北市
1,1244,仁愛文化二路口,林口區,仁愛路二段559號前方人行道,50,25.077118,121.374258,新北市
1,1245,崑崙活力廣場,板橋區,大觀路三段133巷3號對面廣場,42,24.993901,121.43288,新北市
1,1246,永盛公園,三重區,車路頭街139巷135號(對面人行道),38,25.076133,121.484304,新北市
1,1247,鷺江廣場,蘆洲區,信義路319巷22號(旁邊機車格前),32,25.085621,121.477694,新北市
1,1248,六張公園,三重區,安慶街149巷21號 (對面六張公園人行道),36,25.069661,121.494048,新北市
1,1249,中山佳林路口,林口區,中山路250-1號前方機車停車格,36,25.079592,121.385587,新北市
1,1250,國立臺北大學(三峽校區),三峽區,學勤路大學路口(面校門右側人行道)(鄰近國立台北大學),58,24.945553,121.37326,新北市
1,1251,林口區公所,林口區,仁愛路一段378號(林口區公所旁機車停車格),34,25.076742,121.388181,新北市
1,1252,新麗園社區,林口區,麗園一街/麗園一街11巷(對面人行道),42,25.070428,121.376882,新北市
1,1253,中正富國路口,新莊區,中正路879之16號門口(中國信託前的公車站旁),42,25.02594,121.417694,新北市
1,1254,大同國小,樹林區,東榮街91巷(市場旁人行道),36,24.981146,121.416844,新北市
1,1255,新北市立圖書館五股成功分館,五股區,西雲路165號圖書館旁空地(鄰近西雲禪寺),42,25.094784,121.446741,新北市
1,1256,民德立體停車場,中和區,中和區民德路188 號(立體停車場前方人行空間),32,24.999098,121.468345,新北市
1,1257,麗林公有市場,林口區,公園路59號(頂好超市側門),34,25.069123,121.367761,新北市
1,1258,南樹林火車站,樹林區,中山路二段東興路口(火車站右側人行道),34,24.980236,121.408605,新北市
1,1259,新北市立鶯歌高級工商職業學校,鶯歌區,中正三路235~237號(對面人行道)(鄰近亞洛美精靈國度),40,24.939095,121.334639,新北市
1,1260,行政院新莊聯合辦公大樓,新莊區,中平路/榮華路2段,44,25.055969,121.444423,新北市
1,1261,柑園五里聯合活動中心,樹林區,佳園路三段128號(活動中心左側人行道),40,24.950576,121.386183,新北市
1,1262,中和自強公園,中和區,莒光路181號對側公園人行道旁,30,24.999132,121.472513,新北市
1,1263,富貴森林公園,林口區,中山路/富貴路口(富貴路人行道上),36,25.083156,121.378464,新北市
1,1264,林口自強公園,林口區,自強三街3號旁人行道,36,25.078126,121.397208,新北市
1,1265,永昌里兒一公園,鶯歌區,鶯桃路182巷96弄36-38號對側,36,24.956661,121.339645,新北市
1,1266,捷運林口站(1號出口),林口區,文化三路/八德路口 (1號出口旁),60,25.06597,121.361962,新北市
1,1267,南興公園,汐止區,南興路62號旁(南興公園內),52,25.059779,121.652549,新北市
1,1268,立言公園,林口區,忠孝一路/民族路61巷交叉口,34,25.073427,121.36234,新北市
1,1269,溪北公園,板橋區,篤行路二段131巷35號(對面人行道),36,24.99006,121.432281,新北市
1,1270,頂新祖田市民活動中心,土城區,中央路四段285號,34,24.95271,121.411768,新北市
1,1271,貴和市民活動中心,泰山區,明志路三段353號旁公園,34,25.034961,121.421928,新北市
1,1272,頂埔國小,土城區,中央路四段205號(頂埔國小校門口)(鄰近土城親子分館),34,24.956343,121.414421,新北市
1,1273,三峽區礁溪行政中心,三峽區,光明路71號(左側),32,24.928438,121.375921,新北市
1,1274,林口國小,林口區,林口路77號對面林口國小旁人行道,36,25.080533,121.389307,新北市
1,1275,南勢市民活動中心,林口區,南勢二街154號旁,34,25.074035,121.358924,新北市
1,1276,青山廣場,土城區,明德路一段240巷1號(雜貨店前人行道),36,24.977837,121.459751,新北市
1,1277,林口社區運動公園,林口區,文化一路一段/仁愛路二段口(林口社區運動公園文化一路側人行道),50,25.07415,121.377001,新北市
1,1278,捷運新莊站 ( 2號出口 ),新莊區,新莊路214巷(捷運新莊站2號出口旁邊),40,25.036075,121.452792,新北市
1,1279,俊英俊保路口,樹林區,俊英街俊保路口(西北側人行道),30,25.00915,121.425183,新北市
1,1280,五股國民運動中心,五股區,成泰路三段353號(對面公園內),36,25.095553,121.448652,新北市
1,1281,學成大義路口,樹林區,學成路大義路口(西北側人行道),46,24.945099,121.378671,新北市
1,1282,捷運頭前庄站(1號出口),新莊區,中正路/思源路(東北側)(捷運頭前庄站1號出口旁廣場),114,25.039365,121.460856,新北市
1,1283,文化機車立體停車場,淡水區,文化路57號(立體停車場地下一樓)(鄰近福佑宮/淡水老街/淡水渡船碼頭/淡水白樓紅樓、偕醫館/登峰魚丸博物館/淡水禮拜堂),32,25.172485,121.438806,新北市
1,1284,成德公園,五股區,成泰路三段成洲八路口東北側成德公園路側,36,25.105052,121.452963,新北市
1,1285,頭湖國小,林口區,民權路101號旁(植栽帶),38,25.081673,121.372687,新北市
1,1286,金城立德路口,土城區,金城路三段19-30號(路側人行道),38,24.986691,121.465481,新北市
1,1287,恩主公醫院,三峽區,復興路372號(對面公車亭後方人行道),66,24.938912,121.363553,新北市
1,1288,中和區公所,中和區,景平路634-2號 ( 中和區公所正門機車格位 ),32,24.998558,121.500533,新北市
1,1289,忠山市民活動中心,汐止區,忠三街8號(活動中心旁籃球場空間),36,25.078202,121.624493,臺北市
1,1290,三重永豐公園,三重區,永福街197巷6之1號,32,25.074629,121.478162,新北市
1,1291,臺灣藝術大學,板橋區,大觀路一段51號(郵局旁邊),66,25.007502,121.448,新北市
1,1292,新莊體育館,新莊區,中華路一段136巷對面,40,25.040766,121.452459,新北市
1,1293,永和耕莘醫院,永和區,國光路123號 ( 耕莘醫院外路側汽機車格位 ),32,25.011232,121.517701,新北市
1,1294,三多國小,樹林區,三福街83-89號(對面人行道),34,25.016405,121.407135,新北市
1,1295,永安兒童公園,蘆洲區,永安北路2段/永安北路2段35巷,48,25.082273,121.482236,新北市
1,1296,新北市立中和高級中學,中和區,連城路460號(大門旁右側人行空間),36,24.9937,121.47823,新北市
1,1297,扶輪公園,林口區,文化二路一段/文化二路一段309巷,40,25.072864,121.36948,新北市
1,1298,安邦公園,中和區,安邦街與連勝街口(交叉路口西北側),34,24.996867,121.496647,新北市
1,1299,立德公園,林口區,仁愛二路與民族路口交叉口,34,25.076441,121.367223,新北市
2,1300,新北市政府(新站路),板橋區,中山路一段161號(東側出口)(鄰近新北市市民廣場),60,25.012614,121.466455,新北市
1,1301,清水高中,土城區,土城區明德路一段72號,40,24.982756,121.465444,新北市
1,1302,板橋車站,板橋區,新站路/站前路口(十字路口西側)(鄰近板橋高鐵站),98,25.015519,121.463735,新北市
1,1303,樹林國民運動中心,樹林區,樹林區中正路188-6號,34,25.004186,121.422847,新北市
1,1304,捷運輔大站(4號出口),新莊區,新莊區 中正路510之1號(鄰近輔仁大學),42,25.033025,121.436484,新北市
1,1305,民安東民全街口,新莊區,新莊區民安東路48號前人行道,36,25.020774,121.429556,新北市
1,1306,中興北街175巷口,三重區,三重區中興北街175巷10號對面(路側),32,25.05597,121.471327,新北市
1,1307,仁愛路151巷口,汐止區,汐止區仁愛路153號門口(路側),44,25.064819,121.663885,新北市
1,1308,五股工商立體停車場,五股區,五股區中興路四段19-1號(對面人行道),40,25.082494,121.439555,新北市
1,1309,沛陂社區公園,土城區,土城區三民路23巷8弄(公園裡面),34,24.963289,121.419672,新北市
1,1310,佳和公園,中和區,中和區中山路二段2巷27號(對面公園),34,25.006927,121.503171,新北市
1,1311,溪頭公園,板橋區,板橋區溪頭街352號前面人行道,40,25.033086,121.468403,新北市
1,1312,龍鳳公園,新莊區,新莊區龍安路72號對面(公園人行道),40,25.021447,121.416497,新北市
1,1313,伊吉邦社區,新莊區,新莊區新北大道7段312號(人行道),46,25.030186,121.413402,新北市
1,1314,三多第1市民活動中心,樹林區,樹林區福興街17號(活動中心前機車格),34,25.016361,121.404257,新北市
1,1315,新北高工,土城區,新北市土城區學府路一段241號,44,24.98277,121.4499,新北市
1,1316,瑞芳火車站,瑞芳區,民權路鐵道巷14號(東側機車停車場),38,25.108506,121.80646,新北市
1,1317,長風社區,土城區,土城區中華路二段91~95號(人行道),36,24.978108,121.439369,新北市
1,1318,永和國民運動中心,永和區,永和區永利路141號(對面人行道),40,25.003555,121.524246,新北市
1,1319,民樂人行廣場,中和區,中和區員山路266巷39號(對面路側),36,25.001834,121.482594,新北市
1,1320,民生親子公園,樹林區,新北市樹林區保安街一段/保安街一段14巷,30,24.992983,121.428196,新北市
1,1321,樹林工業區,樹林區,樹林區保安街二段6號(前面廣場)(鄰近樹林興仁花園夜市),38,25.000868,121.416091,新北市
1,1322,龍埔公園,三峽區,新北市三峽區國光街85號,36,24.938911,121.373676,新北市
1,1323,尖山國中,鶯歌區,鶯歌區國中街1號(人行道),32,24.9443,121.342089,新北市
1,1324,新北市立圖書館新店分館,新店區,新店區北新路三段105巷2號(路側),36,24.982138,121.540903,新北市
1,1325,浮洲火車站,板橋區,板橋區僑中二街/大觀路一段38巷(自行車停放區內),48,25.004098,121.444447,新北市
1,1326,捷運海山站(1號出口),土城區,土城區海山路(捷運海山站1號出口人行道),80,24.984695,121.448504,新北市
1,1327,深坑區公所(深坑老街),深坑區,新北市深坑區文化街45號(兒童公園旁)(鄰近深坑集順廟/深坑老街),50,25.0015,121.616311,新北市
1,1328,東南科技大學,深坑區,深坑區北深路三段170號(對面機車格),34,25.0033,121.602501,新北市
1,1329,德光國光街口,中和區,中和區德光國光街口(巷子路側),34,25.003136,121.468087,新北市
1,1330,猴硐火車站,瑞芳區,柴寮路36號(旁公園路側),48,25.08647,121.82719,新北市
1,1331,永和國父紀念館,永和區,永和區國光路9號(前人行道),30,25.00839,121.520234,新北市
1,1332,台北得意GO,五股區,五股區四維路116號(人行道),30,25.074424,121.467852,新北市
1,1333,大觀國中,板橋區,板橋區僑中二街8巷(對面人行道),40,25.01121,121.447237,新北市
1,1334,太陽公園,三重區,三重區三賢街203號(對面汽車格)(鄰近蘆洲兒童親子分館),32,25.086448,121.485599,新北市
1,1335,三重五常公園,三重區,三重區五華街7巷(對面公園人行道),28,25.080648,121.496149,新北市
1,1336,三德公園,三重區,三重區仁和街205號(斜對面公園人行道),36,25.074974,121.500542,新北市
1,1337,力行大勇街口,三重區,三重區力行路/大勇街口(路側),30,25.071928,121.481508,新北市
1,1338,蘆洲延平派出所,蘆洲區,蘆洲區長安街102巷5弄12號(對面),36,25.08162,121.46162,新北市
1,1339,永安南路九芎街71巷口,蘆洲區,蘆洲區永安南路/九芎街71巷口(對面人行道),36,25.077564,121.466071,新北市
1,1340,福和宮,中和區,中和區廣福路112號(人行道),50,25.00111,121.501991,新北市
1,1341,飛駝社區(興南路),中和區,中和區興南路二段159巷4號(人行道),42,24.983471,121.504826,新北市
1,1342,保平路214巷,永和區,永和區保平路214巷12弄12號(對面路側)(鄰近樂華夜市/世界宗教博物館),30,25.00701,121.509208,新北市
1,1343,汐科火車站(南),汐止區,汐止區大同路二段182號(人行道),64,25.062884,121.646597,新北市
1,1344,樹林國小,樹林區,樹林區啟智街/文化街口(啟智街129號),34,24.989136,121.41791,新北市
1,1345,永吉國小,鶯歌區,鶯歌區德昌二街39號(對面人行道),36,24.958747,121.333095,新北市
1,1346,中園國小,三峽區,三峽區弘園街55號(對面人行道),36,24.927551,121.366919,新北市
1,1347,介壽國小,三峽區,三峽區介壽路一段/大同路口(人行道),30,24.930341,121.378835,新北市
1,1348,安溪國中,三峽區,三峽區中正路一段/大同路(人行道路橋旁),32,24.92679,121.371957,新北市
1,1349,龍埔國小,三峽區,三峽區大學路47號(對面人行道),38,24.941224,121.376763,新北市
1,1350,大安路與中山路二段口,樹林區,樹林區大安路622號(前人行道),34,24.983043,121.411318,新北市
1,1351,樹林區公所,樹林區,樹林區博愛街198-1~198-5號(對面人行道),40,24.98976,121.42478,新北市
1,1352,蘆洲重陽大樓,蘆洲區,重陽二街22號(對面人行道)(鄰近蘆洲兒童親子分館),30,25.085055,121.481887,新北市
1,1353,埔墘國小,板橋區,新北市板橋區永豐街44號,34,25.019078,121.473724,新北市
1,1354,圓通錦和路口,中和區,中和區圓通路367巷路側(46-52停車格),46,24.989236,121.491482,新北市
1,1355,下庄市場,八里區,舊城路19號前,30,25.146498,121.399748,新北市
1,1356,亞洲員安路口,土城區,亞洲路94號(對面人行道)(鄰近大黑松小倆口牛軋糖博物館),34,24.972621,121.434796,新北市
1,1357,大安路307巷口,樹林區,樹林區大安路307巷口,32,24.992158,121.417726,新北市
1,1358,漁人碼頭,淡水區,觀海路199號(右側人行廣場)(鄰近淡水漁人碼頭),50,25.183869,121.411178,新北市
1,1359,味王街,樹林區,味王街3號(馬路側),30,24.974674,121.404424,新北市
1,1360,福基公園,新莊區,福美街128巷12號,32,25.0581,121.460892,新北市
1,1361,振義里公園,板橋區,萬安街55號(對面機車停車格),30,25.023888,121.483965,新北市
1,1362,安溪國小,三峽區,中華路61號(對面路側)(鄰近李梅樹紀念館),36,24.930621,121.372344,新北市
1,1363,中和安和路口,中和區,中和路與安和路口,34,24.999667,121.506022,新北市
1,1364,元氣大鎮社區,中和區,中山路三段與台新街口,28,25.005718,121.478997,新北市
1,1365,員勝公園,中和區,員山路591號(巷內),40,25.010284,121.478686,新北市
1,1366,永和自由街,永和區,永和區 自由街69號(路側),32,25.0052,121.513339,新北市
1,1367,安樂宜安路口,中和區,中和區安樂路101之1號,36,24.995273,121.513506,新北市
1,1368,昌隆國小,新莊區,昌平街/昌平街31巷(對面昌隆國小人行道),36,25.052129,121.454891,新北市
1,1369,捷運新莊副都心站,新莊區,新莊區新北大道四段/中信街口(捷運副都心站2號出口),46,25.059145,121.446614,新北市
1,1370,捷運泰山站,泰山區,新北大道四段389號(捷運泰山站內廣場),34,25.053127,121.439683,新北市
1,1371,八里中庄市場綜合大樓,八里區,中山路一段268巷2號(對面汽車停車場),36,25.159934,121.414074,新北市
1,1372,江翠國中,板橋區,板橋區松江街63號(對面路側)(鄰近石雕公園),30,25.027987,121.468512,新北市
1,1373,捷運新北產業園區站,新莊區,新莊區五工路55號,44,25.062029,121.459184,新北市
1,1374,捷運泰山貴和站,泰山區,泰山區新北大道6段/貴陽街(貴陽街12號對面捷運站),36,25.033192,121.422215,新北市
1,1375,龍形停車場,八里區,龍米路一段318號(對面停車場),40,25.13041,121.451302,新北市
1,1376,捷運紅樹林站,淡水區,淡水區中正東路2段68號(南向廣場),58,25.153578,121.459124,新北市
1,1377,大庄一號公園,淡水區,沙崙路97號對面人行道(大庄一號公園),28,25.181957,121.422185,新北市
1,1378,三井Outlet,林口區,林口區文化二路一段241巷(三井Outlet北邊出口）(鄰近MITSUI OUTLET PARK 林口),50,25.071574,121.366303,新北市
1,1379,貿商國宅,五股區,登林路76-3號(前人行道),40,25.069463,121.43031,新北市
1,1380,中正北路193巷(愛買三重店),三重區,中正北路193巷45號(賣場停車場),42,25.071362,121.475985,新北市
1,1381,翔譽雙子星,三重區,中正南路251號(右側人行道),36,25.053638,121.492924,新北市
1,1382,明志科技大學,泰山區,工專路84號對面人行道,50,25.040434,121.422548,新北市
1,1383,三民高中(民權路),蘆洲區,民權路100號(對面人行道),36,25.088024,121.473928,新北市
1,1384,環河福德南路口,三重區,福德南路71號(對面人行道),32,25.060285,121.502173,新北市
1,1385,文林國小(潭興街),樹林區,潭興街65號(對面汽車停車格),34,24.998601,121.424892,新北市
1,1386,林口老街,林口區,中正路115號(東側停車場),42,25.077153,121.393777,新北市
1,1387,板橋果菜批發市場,板橋區,板城路/香社一路口,40,25.021153,121.45002,新北市
1,1388,安和公園,新店區,安和路二段163號(東南側空地),34,24.97411,121.518853,新北市
1,1389,東陽市民活動中心,樹林區,鎮前街467號(活動中心路側),32,24.982192,121.412517,新北市
1,1390,遠雄左岸,中和區,中原街90號(對面),40,25.00985,121.487799,新北市
1,1391,瓦?溝(福真里),中和區,中山路二段312巷33弄27號,32,25.004294,121.494692,新北市
1,1392,中正路161巷口,中和區,中正路161巷26弄5號(對面空地),46,24.992938,121.499333,新北市
1,1394,瑞峰橋,瑞芳區,三爪子坑路115號(對面汽車停車格),44,25.10712,121.81041,新北市
1,1395,民族二街明峰街口,汐止區,汐止區明峰街13號(右側路側),30,25.071049,121.635015,新北市
1,1401,光復國小,板橋區,長壽街168號(對面人行道),38,25.015064,121.48193,新北市
1,1402,世貿國家公園社區,汐止區,長江路101號(對面),30,25.072887,121.658646,新北市
1,1403,新店新和國小,新店區,安和路三段113號(對面人行道),40,24.984975,121.517682,新北市
1,1404,立德青雲路口,土城區,立德路2號(對面),62,24.988355,121.460675,新北市
1,1405,新北市林口行政園區,林口區,忠孝二路55號(鄰近MITSUI OUTLET PARK 林口),42,25.070158,121.363632,新北市
1,1406,工建樟樹一路口,汐止區,工建路50 號(對面路側),36,25.063062,121.641033,新北市
1,1407,中和青年社會住宅,中和區,景德街7號,32,24.991135,121.519329,新北市
1,1408,蘆洲李宅古蹟,蘆洲區,中正路185巷68弄9號(對面人行道)(鄰近蘆洲李宅(李友邦將軍紀念館)),30,25.084959,121.466551,新北市
1,1409,捷運府中站(2號出口),板橋區,府中路5號(後方人行道)(鄰近板橋慈惠宮/府中商圈(板橋後站商圈)),38,25.009537,121.460148,新北市
1,1410,新莊勞工中心,新莊區,新樹路222號,26,25.020332,121.433736,新北市
1,1411,名利橋,永和區,仁愛路352巷96號(對面廣場),32,25.00785,121.500986,新北市
1,1412,捷運大坪林站(1號出口),新店區,北新路三段129號(右側人行道),26,24.982755,121.541249,新北市
1,1413,福和國中停車場,永和區,永亨路99號(對向人行道),48,25.005011,121.522665,新北市
1,1414,捷運中原站,中和區,板南路496號(對面),74,25.007307,121.485051,新北市
1,1415,福美公園,新莊區,福美街/福美街62巷口(西北側人行道),40,25.055033,121.461081,新北市
1,1416,輔仁大學附設醫院,新莊區,三泰路66號(對面人行道),40,25.039272,121.431004,新北市
1,1417,民視數位媒體總部,林口區,信義路99號(前廣場),40,25.079876,121.379259,新北市
1,1418,五股郵局,五股區,凌雲路一段80巷9號(對面人行道),32,25.101774,121.451127,新北市
1,1419,新市一路一段99巷口,淡水區,新市一路一段99巷21號,46,25.187429,121.431016,新北市
1,1420,國泰街111巷口,板橋區,國泰街111巷1號(對面),34,25.006321,121.465773,新北市
1,1421,湳雅觀光夜市(津渡橋),板橋區,南雅西路一段152號(對面)(鄰近板橋接雲寺),40,25.007585,121.45244,新北市
1,1422,學成公園,土城區,學成路/學成路76巷口,34,24.988246,121.451187,新北市
1,1423,鳳祥公園,鶯歌區,鶯桃路413巷65弄4號(對面),30,24.962819,121.330254,新北市
2,1424,光明市場,三重區,光明路67-1號(對面),34,25.057335,121.491809,新北市
1,1425,中興路二段100巷口,新店區,五峰路63巷/中興路二段100巷口(天橋旁),30,24.971355,121.547496,新北市
1,1426,福和橋,永和區,環河東路三段90號前,36,25.004536,121.52785,新北市
1,1427,土城國中,土城區,永寧路18號(對面),32,24.962443,121.430347,新北市
1,1428,安光公園,新店區,安民街安民街3巷15號(對面公園),34,24.964233,121.514462,新北市
1,1429,崇德國小,汐止區,茄苳路183號(對面),58,25.069378,121.669788,新北市
1,1430,中華中央路一段242巷口,土城區,中華路一段185號(前),38,24.98551,121.44345,新北市
1,1431,公五公園,五股區,芳州五路/芳州二路口(東北側),44,25.08658,121.44452,新北市
1,1432,碧潭西岸,新店區,碧潭路2號(旁)(鄰近碧潭風景區),40,24.956562,121.534795,新北市
1,1433,樹林大安站,樹林區,大安路118號(外側),56,24.997312,121.421725,新北市
1,1434,廣停二停車場,林口區,民富街99號(對面),36,25.075711,121.370261,新北市
1,1435,民義公園,五股區,五福路五福路6巷口(五福橋旁公園),40,25.08835,121.4345,新北市
1,1436,大崙公園,林口區,南勢二街408號旁,32,25.076613,121.359704,新北市
1,1437,成州國小,五股區,成泰路三段493號(東側),28,25.09923,121.45063,新北市
1,1438,中興北街42巷17弄,三重區,中興北街42巷17弄8號旁,34,25.05006,121.46892,新北市
1,1439,江翠國小,板橋區,文化路二段413號(校門右側人行道),34,25.03248,121.47442,新北市
1,1440,華江一華江九路口,板橋區,華江一路/華江九路口(東南側人行道),40,25.032884,121.466442,新北市
1,1441,三光國小(金滿意),三重區,大同南路246-1號(對面人行道),36,25.05596,121.496874,新北市
1,1442,蘆洲中路公園,蘆洲區,光華路87巷7號(右側),34,25.082299,121.468143,新北市
1,1443,林口高中,林口區,仁愛路二段173號(對面),38,25.07384,121.3803,新北市
1,1444,雙和橋,永和區,中山路二段3巷2號(對面公園),34,25.005731,121.505743,新北市
1,1445,海山高中,板橋區,漢生東路215號(右側人行道),52,25.009108,121.471493,新北市
1,1446,環河西路一段95巷口,永和區,環河西路一段/環河西路一段95巷(人行道),32,25.01783,121.511957,新北市
1,1447,碧河宮,中和區,連城路/連城路261巷口,40,24.996726,121.493134,新北市
1,1448,萬板文聖街口,板橋區,萬板文聖街口,46,25.026295,121.479675,新北市
1,1449,明德高中,三峽區,中正路二段/中正路二段395巷口,58,24.907449,121.364848,新北市
1,1450,鳳鳴國小,鶯歌區,永和街120號(校門前),32,24.969198,121.334806,新北市
1,1451,林本源園邸,板橋區,文昌街24巷1號(對面),42,25.01086,121.45598,新北市
1,1452,藍天大樓,三重區,興德路129號(旁),36,25.053098,121.470165,新北市
1,1453,忠孝國中,板橋區,成都街30號(右側),46,25.00481,121.461195,新北市
1,1454,大智公園,三重區,大同北路56號(對面),30,25.063608,121.494449,新北市
1,1455,國際二國際一路口,鶯歌區,國際二路/國際一路口,38,24.976171,121.334938,新北市
1,1456,三重高中,三重區,集美街217號(對面),34,25.054777,121.49171,新北市
1,1457,昌平公園,新莊區,中央路/福壽街口,40,25.058664,121.458109,新北市
1,1458,新北市客家文化園區,三峽區,隆恩街239號(右側),38,24.941729,121.359538,新北市
1,1459,台北海洋科技大學,淡水區,濱海路三段150號(校門左側),38,25.191229,121.427011,新北市
1,1460,蘭庭序大廈,汐止區,汐萬路一段201號前,30,25.07207,121.65207,新北市
1,1461,福和路7巷口,永和區,福和路/福和路7巷口,30,25.00854,121.524732,新北市
1,1462,捷運新店區公所站(1 號出口),新店區,中華路3號(對面)(鄰近馬公友誼公園),42,24.967369,121.541011,新北市
1,1463,新泰游泳池,新莊區,新泰路478號(對面)(鄰近新莊文化藝術中心),26,25.045414,121.442734,新北市
1,1464,森林公園,樹林區,學勤路382號(對面),36,24.948177,121.37976,新北市
1,1465,馥華公園,板橋區,僑中二街118號前,34,25.006117,121.445449,新北市
1,1466,光復高中,板橋區,長壽街/光環路一段(西南側),42,25.017443,121.482513,新北市
1,1467,南雅育智路口,鶯歌區,南雅路491號(對面),46,24.953961,121.345824,新北市
1,1468,穀保家商,三重區,疏洪東路三段/中正北路560巷口(鄰近二重環狀自行車道),38,25.068097,121.471028,新北市
1,1469,文德國小(公館街),板橋區,公館街258號(對面),38,25.021336,121.459595,新北市
1,1470,學成大成路口,樹林區,學成路712號(旁),42,24.946248,121.382719,新北市
1,1471,石雕公園,板橋區,吳鳳路50巷36號(旁)(鄰近石雕公園/板橋農村公園),32,25.030261,121.469469,新北市
1,1472,民生縣民大道口,板橋區,民生路二段/縣民大道二段口(西南側),40,25.018213,121.471011,新北市
1,1473,新北市藝文中心(文化路二段124巷),板橋區,文化路二段124巷32號(對面)(鄰近新北市藝文中心),36,25.025626,121.471401,新北市
1,1474,四維公園地下停車場,板橋區,四維路177巷3弄6號(旁),74,25.025618,121.463967,新北市
1,1475,廣福派出所,土城區,學府路一段86號前,34,24.988019,121.456247,新北市
1,1476,新和活動中心,新店區,新和街116巷5弄(街尾),38,24.986771,121.521829,新北市
1,1477,大眾廟,新莊區,中正路82號(旁),30,25.03738,121.45766,新北市
1,1478,化成公園,新莊區,思源路166巷4號(前),32,25.04786,121.461962,新北市
1,1479,龍恩公園,三峽區,國際一街90號(對面)(鄰近國立台北大學),36,24.941359,121.370524,新北市
1,1480,新北市工商展覽中心,五股區,五工六路35號(對面),46,25.064345,121.447585,新北市
1,1481,金城裕民路口(中正國中),土城區,金城路二段218號(對面),44,24.982933,121.456229,新北市
1,1482,圓通路335巷33弄,中和區,圓通路335巷33弄15號(西側),32,24.988992,121.493033,新北市
1,1483,海洋公園,三峽區,大義路/學勤路口(西北側),36,24.94749,121.376895,新北市
1,1484,浮洲合宜住宅(合宜一路),板橋區,大觀路二段265巷/合宜一路(東南側),58,24.99652,121.44276,新北市
1,1485,文山國中,新店區,北宜路一段118號(對面)(鄰近碧潭風景區),30,24.95531,121.53927,新北市
1,1486,臺北大學(資訊中心),三峽區,大學路151號(資訊中心旁),56,24.94317,121.36952,新北市
1,1487,捷運府中站(1號出口),板橋區,縣民大道一段/府中路口(西南側)(鄰近板橋慈惠宮/府中商圈(板橋後站商圈)),76,25.00818,121.45901,新北市
1,1488,新莊田徑場,新莊區,復興路一段209號 (對面),42,25.04357,121.45244,新北市
1,1489,新泰國中,新莊區,新泰路359號(旁),30,25.04288,121.44426,新北市
1,1490,碧潭渡船頭,新店區,新店路36號(對面),32,24.9531,121.53746,新北市
1,1491,山佳火車站,樹林區,中山路三段108號,32,24.97222,121.39264,新北市
1,1492,新北市勞工活動中心,五股區,五工六路9號(前廣場),34,25.06149,121.45098,新北市
1,1493,板橋重慶公園,板橋區,重慶路276號(對面),40,25.00008,121.46316,新北市
1,1494,林口社區運動公園(公園路),林口區,公園路192號(旁),40,25.07464,121.3744,新北市
1,1495,山北公園,中和區,莊敬路33巷36弄2號(對面),32,25.00653,121.50014,新北市
1,1496,捷運景平站,中和區,景平路127號(旁),38,24.99202,121.51563,新北市
1,1497,中港大排願景館,新莊區,中央路301號(對面),30,25.05894,121.45117,新北市
1,1498,頭前國小,新莊區,頭前路93號(對面),30,25.05248,121.46527,新北市
1,1499,輕軌淡金北新站,淡水區,淡金路一段547號(前),46,25.18018,121.45333,新北市
1,1500,忠孝活動中心,永和區,忠孝街26巷8號(前)(鄰近楊三郎美術館),28,25.01677,121.51528,新北市
1,1501,淡水海關碼頭園區,淡水區,中正路261號(旁)(鄰近淡水紅毛城/淡水英國領事館/淡水海關碼頭),40,25.17476,121.43155,新北市
1,1502,縣民漢生東路口,板橋區,縣民大道二段112號(前),56,25.0156,121.46709,新北市
1,1503,時光公園,板橋區,華江陸橋旁/文化路二段北側公園口,40,25.03615,121.47973,新北市
1,1504,積穗國中,中和區,民安街71號(對面),32,24.99977,121.47808,新北市
1,1505,員和公園,土城區,中央路二段66號(對面),68,24.97904,121.44254,新北市
1,1506,環河公園,板橋區,南雅西路二段301巷41弄5-5號(旁),36,25.01666,121.45064,新北市
1,1507,中興中正路口,新店區,中興路二段41號(前),30,24.96991,121.54617,新北市
1,1508,新莊國民運動中心,新莊區,公園路66號(對面)(鄰近新莊綜合運動場),40,25.03961,121.44962,新北市
2,1509,佳和公園(中山路二段64巷),中和區,中山路二段64巷7弄15-4號(對面),36,25.00469,121.50296,新北市
1,1510,三鶯國民運動中心,三峽區,文化路164號(旁)(鄰近三峽清水祖師廟/三峽歷史文物館/三峽老街),32,24.93614,121.36941,新北市
1,1511,彩虹兒童公園,蘆洲區,光榮路120巷8弄21號(對面),36,25.08871,121.4646,新北市
1,1512,崇林國中,林口區,麗園路121號(對面),34,25.06754,121.37134,新北市
1,1513,碧華公園(集勇街),三重區,仁安街2號(對面),30,25.08415,121.48554,新北市
2,1514,延吉街47巷口,土城區,延吉街43號(對面),28,24.98769,121.47222,新北市
1,1515,大觀路二段19巷,板橋區,大觀路二段19巷115號(旁),30,25.00256,121.45079,新北市
1,1516,成泰路一段(中油),五股區,成泰路一段194號(對面),26,25.07843,121.43565,新北市
1,1517,清和里(青雲路),土城區,青雲路449號(對面),32,24.97512,121.45874,新北市
1,1601,輕軌濱海沙崙站,淡水區,沙崙路一段/濱海路二段(東南側人行道),30,25.18995,121.4306,新北市
1,1602,輕軌淡海新市鎮站,淡水區,沙崙路二段/新市三路二段口(東北側人行道),30,25.19623,121.43286,新北市
1,1603,輕軌崁頂站,淡水區,沙崙路二段/新市六路二段(東南側人行道),30,25.20125,121.43502,新北市
1,1604,輕軌淡江大學站,淡水區,淡金路二段399號(前人行道),40,25.17653,121.45613,新北市
1,1605,輕軌新市一路站,淡水區,新市一路三段151號(旁人行道),34,25.18345,121.44837,新北市
1,1607,四川忠孝路口,板橋區,四川路一段244號(對面),34,25.00149,121.45924,新北市
1,1608,陸光國宅,五股區,民義路1段/民義路1段183巷口,30,25.08881,121.43079,新北市
1,1609,仁化文新路口,板橋區,仁化街/文新路口(西北側人行道),36,25.03463,121.47919,新北市
1,1610,中山新興街口,樹林區,中山路三段/新興街口(西北側人行道),40,24.97499,121.40023,新北市
1,1611,信義公園市民活動中心,板橋區,信義路150巷43號(前),34,24.9917,121.4575,新北市
1,1612,文中小停車場,三重區,名源街54號(對面),40,25.05899,121.48255,新北市
1,1613,安康高中,新店區,安興路 25 號(前),50,24.96886,121.51505,新北市
1,1614,中正路284巷,新店區,中正路284巷2號(對面),28,24.9747,121.53842,新北市
1,1615,御史路1巷,五股區,御史路1巷5號(旁),30,25.09044,121.44192,新北市
1,1616,新市二路二段,淡水區,新市二路二段98號(前),30,25.19524,121.42793,新北市
1,1617,光明街,新店區,光明街185號(對面),28,24.96316,121.54009,新北市
1,1618,環河西路三段(日安社區),中和區,環河西路三段66號(旁),32,25.00774,121.49321,新北市
1,1619,民生中山路口,板橋區,民生路二段8-1號(前),30,25.01606,121.47346,新北市
1,1620,重慶國小,板橋區,廣和街35號(對面),30,24.99373,121.46253,新北市
1,1621,板橋真武廟,板橋區,光復街202巷6-1號(前),34,25.02046,121.48594,新北市
1,1622,鶯歌國民運動中心,鶯歌區,館前路250號(前),36,24.95134,121.35775,新北市
1,1623,南雅公園,板橋區,南雅南路二段1-1號(旁),40,25.00387,121.45516,新北市
1,1624,中正民權路口,新店區,中正路489號(旁),96,24.98263,121.5336,新北市
1,1625,捷運新埔站(1號出口),板橋區,民生路三段11號(前),60,25.0235,121.46745,新北市
1,1626,中原東街(左岸牡丹園),中和區,中原東街/中原二街(東北側人行道),38,25.0129,121.48592,新北市
1,1627,土城仁愛社區公園,土城區,仁愛路17巷2號(對面),34,24.98039,121.46062,新北市
1,1628,五峰國中,新店區,行政街20號旁,34,24.96591,121.54323,新北市
1,1629,大崁國小,八里區,忠八街2號(前),36,25.16064,121.41938,新北市
1,1630,東海高中,三重區,忠孝路三段93巷6號(對面),40,25.06484,121.47942,新北市
1,1631,中山1號科技總部,土城區,中山路1號(前),42,24.96045,121.41212,新北市
1,1632,中平國中,新莊區,中平路385號(旁),40,25.05426,121.44407,新北市
1,1633,仁愛街70巷口,蘆洲區,仁愛街95號(對面),32,25.09398,121.47126,新北市
1,1634,中印青潭廠,新店區,北宜路二段399號(旁),26,24.95446,121.55947,新北市
1,1635,淡江大學(水源街),淡水區,水源街二段104號(對面),62,25.17457,121.45236,新北市
1,1636,健華新城社區,板橋區,文化路一段309-6號(前),52,25.01927,121.4653,新北市
1,1637,美麗新淡海影城,淡水區,新市五路三段/義山路二段(西北側人行道),32,25.19783,121.43878,新北市
1,1638,寶橋路235巷口,新店區,寶橋路235巷2號(旁),36,24.97955,121.55234,新北市
1,1639,安康立體停車場,新店區,安德街2號(前),40,24.96261,121.51267,新北市
1,1640,全球傳動科技公司,樹林區,三多路123號(前),38,25.00801,121.41481,新北市
1,1641,興南路二段34巷口,中和區,興南路二段34巷1號(對面),32,24.98539,121.50701,新北市
1,1642,復興民生街口,三峽區,復興路45號(前),38,24.93701,121.37324,新北市
1,1643,環河西大漢街口,板橋區,環河西路四段/大漢街(西南側),40,25.03183,121.4612,新北市
1,1644,十三行博物館,八里區,博物館路183號(對面),46,25.15697,121.40588,新北市
1,1645,莒光國小,板橋區,雙十路2段47巷8弄6號(對面),30,25.02565,121.47465,新北市
1,1646,林口郵局,林口區,文化二路一段8號(前),38,25.06667,121.36453,新北市
1,1647,竹林山觀音寺,林口區,竹林路/竹林路421巷口,34,25.08452,121.38983,新北市
1,1648,青潭河濱公園,新店區,新烏路一段11弄11號(對面),30,24.95091,121.5474,新北市
1,1649,捷運中和站,中和區,中山路2段291號(前),36,25.00221,121.49587,新北市
1,1650,公23公園,淡水區,新市五路二段1號(對面),30,25.19985,121.42891,新北市
1,1651,捷運秀朗橋站,中和區,景平路2號(前),42,24.99039,121.52549,新北市
1,1652,板橋中山公園,板橋區,莊敬路134號(對面),30,25.02336,121.47109,新北市
1,1653,民有公園,中和區,中山路3段118-6號(對面),40,25.00868,121.47475,新北市
1,1654,仁愛街112巷,三重區,仁愛街112巷7號(對面),40,25.07486,121.49488,新北市
1,1655,華新街109巷11弄,中和區,華新街109巷11弄(機車格),50,24.97996,121.50873,新北市
1,1656,康寧街307巷,汐止區,明峰街281號(對面),40,25.06809,121.62697,新北市
1,1657,中興橋(環河南路254巷口),三重區,環河南路253號(對面中興橋下),40,25.05052,121.49138,新北市
1,1658,新林國小,林口區,三民街101號(忠孝三路側人行道),40,25.07016,121.35995,新北市
1,1659,滬尾藝文休閒園區,淡水區,中正路1段/中正路1段6巷口,26,25.17594,121.42851,新北市
1,1660,康福公園,汐止區,福德一路86巷23號(旁),28,25.06894,121.63748,新北市
1,1661,新市二路四段,淡水區,新市二路四段58號(前),28,25.19254,121.44185,新北市
1,1662,義山新市一路口,淡水區,新市一路一段371號(義山路側),30,25.18623,121.43736,新北市
1,1663,中信國小,新莊區,榮華路二段/中富街口(西北側人行道),40,25.05572,121.44957,新北市
1,1664,捷運板新站,板橋區,板新路117巷7號(後方廣場),82,25.01409,121.47124,新北市
1,1665,三抱竹,板橋區,大觀路二段162號(對面橋下機車格),34,24.99864,121.44139,新北市
1,1667,慈愛公園,三重區,仁愛街584號旁公園人行道,30,25.08119,121.48461,新北市
1,1668,汐止火車站停車場,汐止區,信義路1號(汐科路側人行道),100,25.06795,121.66168,新北市
1,1670,樹林藝文綜合行政大樓,樹林區,保順街139號(對面),60,24.99546,121.4291,新北市
1,1671,光華橋(保平路),中和區,中山路2段3巷/保平路口,36,25.00452,121.5079,新北市
1,1672,台北花園廣場社區,泰山區,泰林路二段454號(旁),30,25.06414,121.426,新北市
1,1673,民權社區活動中心,永和區,民權路60號(活動中心後方廣場),34,24.99778,121.51968,新北市
1,1674,捷運新埔站(5號出口),板橋區,文化路二段1號(旁),56,25.02402,121.46828,新北市
1,1675,捷運橋和站,中和區,板南路468號(對面),70,25.00559,121.48921,新北市
1,1676,國中二甲路口,鶯歌區,國中街175號(前),30,24.9395,121.33867,新北市
1,1677,陽光Park社區,新店區,安興路107號(社區停車場前人行道),32,24.9794,121.51555,新北市
1,1678,捷運十四張站,新店區,溪園路205號(旁捷運機廠前人行道),80,24.9845,121.52793,新北市
1,1679,芳洲八路,五股區,芳洲八路152號(對面),30,25.0888,121.44637,新北市
1,1680,後竹圍市民活動中心,三重區,後竹圍街175巷18號(對面),32,25.07246,121.48576,新北市
1,1681,林口國民運動中心,林口區,文化二路二段369號(文化二路二段側人行道),40,25.08601,121.38093,新北市
1,1683,深坑松柏街,深坑區,松柏街24號(對面),34,25.01096,121.63852,新北市
1,1684,金美國小,金山區,仁愛路37-5號(對面),36,25.21973,121.63633,新北市
1,1685,金山八德街,金山區,八德街24號(對面),38,25.22365,121.63469,新北市
1,1687,寶橋路78巷口,新店區,寶橋路78巷10號(旁高速公路橋下空間),44,24.97368,121.5476,新北市
1,1688,鳳福公園,鶯歌區,鳳吉一街186號(對面),40,24.97572,121.32938,新北市
1,1689,林口新創園,林口區,仁愛路496-3號(前),32,25.07583,121.37609,新北市
1,1690,漳和國中,中和區,廣福路30號(對面),50,25.00241,121.505,新北市
1,1692,清水社區公園,土城區,延吉街395號(對面),54,24.984,121.46289,新北市
1,1693,國立師範大學林口校區(測試站),林口區,仁愛路1段2號(校門前自行車停車區),16,25.06804,121.39795,新北市
1,1694,斬龍山遺址文化公園,土城區,龍山一街/金城路二段(北側公園),50,24.97657,121.44775,新北市
1,1695,長安橋(吉祥街12巷),汐止區,吉祥街12巷2號(旁),54,25.08033,121.66846,新北市
1,1696,三重商工(後竹圍街),三重區,中正北路165巷53號(後竹圍街路側停車格),36,25.07031,121.47976,新北市
1,1698,浮洲合宜住宅(合宜合安一路口),板橋區,合宜路/合安一路(東南側機車停車場),50,24.99849,121.44863,新北市
1,1700,德光莒光路口,中和區,德光路12號(前),38,25.00459,121.47134,新北市
1,1701,捷運幸福站,新莊區,思源路292號(幸福東路側廣場),54,25.04958,121.46052,新北市
1,1702,成泰路4段22巷,五股區,成泰路4段22巷29號(對面),32,25.10826,121.45596,新北市
1,1706,中角灣,金山區,海興路174-1號(旁),28,25.239,121.63234,新北市
1,1707,俊興三龍街口,樹林區,俊興街280號(對面),30,25.01704,121.41821,新北市
1,1709,捷運景安站,中和區,景平路486號(對面),82,24.99352,121.50472,新北市
1,1710,林口婦幼公園,林口區,文化一路一段146號(旁公園),28,25.07231,121.37752,新北市
1,1712,湖南市民活動中心,林口區,民權路165號(前人行道),30,25.08423,121.37428,新北市
1,1713,埤墘公園,板橋區,萬板路108號(前公園路側),30,25.02332,121.47422,新北市
1,1714,德泰公園,五股區,成泰路一段79號(旁),28,25.06802,121.43473,新北市
1,1682,中央路一段292巷口,土城區,中央路一段274號(對面),48,24.98265,121.44368,新北市
1,1722,安居公教住宅,新店區,安忠路52號(前),30,24.959504,121.512927,新北市
1,1731,新北大道昌平街口(臨時站),新莊區,新北大道三段67號斜前方人行道,16,25.060353,121.454735,新北市
1,1703,新店高中(中央路),新店區,中央路97號(對面),42,24.97508,121.53103,新北市
1,1727,八里行政中心,八里區,十三行路(靠中山路二段路口西南側人行道),36,25.153974,121.407211,新北市
1,1729,民生路156巷,新店區,民生路156巷80號(旁),26,24.982019,121.527509,新北市
1,1718,野柳地質公園,萬里區,港東路161號(對面),50,25.204771,121.690132,新北市
1,1719,白沙灣,石門區,頭圍段八甲小段236號(停車場內),50,25.285491,121.522085,新北市
1,1721,淺水灣,三芝區,北勢子42之11號(對面停車場內),50,25.252317,121.471307,新北市
1,1730,深澳漁港,瑞芳區,深澳路16-7號前方廣場,30,25.129973,121.818566,新北市
1,1728,疏洪東竹圍仔街口,三重區,疏洪東路/竹圍仔街口(東北側人行道),18,25.048614,121.486398,新北市
1,1723,林建生紀念圖書館,蘆洲區,三民路178號(前),34,25.088434,121.469879,新北市
1,1736,中山八德街口,樹林區,中山路二段10號對面人行道,32,24.985156,121.417765,新北市
1,1738,輕軌漁人碼頭站,淡水區,中正路二段/中正路二段51巷口(輕軌站旁),50,25.18202,121.41882,新北市
1,1748,深坑雲鄉路,深坑區,雲鄉路1號(旁橋下汽車停車格),16,24.99988,121.62101,新北市
1,1720,文化路二段182巷1弄,板橋區,文化路二段182巷3弄95號(對面),40,25.029258,121.472405,新北市
1,1725,三峽國中,三峽區,復興路238號(前人行道),50,24.938882,121.369399,新北市
1,1739,凌雲路一段158巷口,五股區,凌雲路一段158巷22號(對面),30,25.10352,121.4481,新北市
1,1734,中華城林路口,土城區,中華路二段175號(前),44,24.974993,121.438631,新北市
1,1708,綠湖公園,新店區,中興路三段6號(旁),44,24.97756,121.54751,新北市
1,1726,宏匯廣場,新莊區,中央路558號(旁),40,25.059319,121.449083,新北市
1,1742,瓊林公園,新莊區,中環路一段16號(對面陸橋下),30,25.02629,121.44245,新北市
1,1705,新店行政園區,新店區,北新路一段88巷1號(對面),100,24.96757,121.54205,新北市
1,1747,輕軌沙崙站,淡水區,觀海路/淡海路口(北側),30,25.18737,121.41675,新北市
1,1717,捷運新埔民生站,板橋區,民生路三段70號對面停車場內,32,25.025979,121.466567,新北市
1,500101001,捷運科技大樓站,大安區,復興南路二段235號前,17,25.02605,121.5436,臺北市
2,500101002,復興南路二段273號前,大安區,復興南路二段273號西側,15,25.02565,121.54357,臺北市
1,500101003,國北教大實小東側門,大安區,和平東路二段96巷7號,16,25.02429,121.54124,臺北市
1,500101004,和平公園東側,大安區,和平東路二段118巷33號,11,25.02351,121.54282,臺北市
1,500101005,辛亥復興路口西北側,大安區,復興南路二段368號,16,25.02153,121.54299,臺北市
1,500101006,復興南路二段280號前,大安區,復興南路二段280號,11,25.02429,121.54328,臺北市
1,500101007,復興南路二段340巷口,大安區,復興南路二段342號,11,25.02253,121.54326,臺北市
1,500101008,新生南路三段52號前,大安區,新生南路三段52號,17,25.02112,121.53407,臺北市
1,500101010,新生南路三段82號前,大安區,新生南路三段82號,20,25.01894,121.53361,臺北市
1,500101011,羅斯福路三段333巷9號旁,大安區,羅斯福路三段333巷9號,7,25.01757,121.53271,臺北市
1,500101012,辛亥路一段30號前,大安區,辛亥路一段30號,8,25.01986,121.52982,臺北市
1,500101014,羅斯福路三段311號前,大安區,羅斯福路三段311號,11,25.01717,121.53202,臺北市
1,500101016,羅斯福路三段245號前,大安區,羅斯福路三段245號,8,25.01927,121.52989,臺北市
1,500101015,大安運動中心停車場,大安區,敦南街76巷28號,14,25.020348,121.546446,臺北市
2,500101017,羅斯福路三段269巷5號前,大安區,羅斯福路三段269巷5號,10,25.01913,121.53079,臺北市
1,500101018,溫州公園,大安區,羅斯福路三段283巷11號,5,25.01895,121.53156,臺北市
1,500101019,和平臥龍街口,大安區,臥龍街1號,15,25.024461,121.546705,臺北市
1,500101020,溫州停車場,大安區,新生南路三段54巷/溫州街口,5,25.02093,121.5331,臺北市
1,500101021,銘傳國小側門,大安區,羅斯福路四段21號旁天橋下,7,25.01385,121.53549,臺北市
1,500101023,第二學生活動中心,大安區,羅斯福路四段107號(西南側),27,25.01244,121.53661,臺北市
1,500101024,臺灣科技大學正門,大安區,基隆路四段43號(臺灣科技大學正門旁小側門靠田徑場),30,25.01451,121.54142,臺北市
1,500101025,臺灣科技大學側門,大安區,基隆路四段73巷與基隆路口,12,25.01295,121.53973,臺北市
1,500101026,公館公園,大安區,羅斯福路四段113巷基隆路四段41巷口,15,25.01137,121.54062,臺北市
1,500101027,臺灣科技大學後門,大安區,基隆路四段41巷68弄臺科帆船大樓旁,15,25.01182,121.54165,臺北市
1,500101028,臺大醫學院附設癌醫中心,大安區,基隆路三段155巷57號西側,20,25.01426,121.54382,臺北市
1,500101029,臺大環研大樓,大安區,芳蘭路/基隆路三段155巷口,15,25.01234,121.54503,臺北市
1,500101030,臺大永齡生醫工程館,大安區,芳蘭路51號西北側,15,25.0136,121.54656,臺北市
1,500101031,臺大男七舍前,大安區,長興街/長興街80巷口西側,20,25.01537,121.54698,臺北市
1,500101032,臺大男一舍前,大安區,長興街50號西北側,32,25.01637,121.54535,臺北市
1,500101033,臺大男六舍前,大安區,大安區長興街31號,20,25.01664,121.5452,臺北市
1,500101034,臺大動物醫院前,大安區,基隆路三段155巷/基隆路四段口,18,25.01576,121.54291,臺北市
1,500101035,臺大土木研究大樓前,大安區,辛亥路三段188號,11,25.01787,121.5476,臺北市
1,500101036,臺大萬才館前,大安區,臺大萬才館北側,20,25.02032,121.54497,臺北市
1,500101037,臺大國青大樓宿舍前,大安區,辛亥路三段30號西北側,20,25.02076,121.54432,臺北市
1,500101038,臺大社科院圖書館前,大安區,辛亥路與復興南路口西南側,27,25.02101,121.54284,臺北市
1,500101039,臺大法人語言訓練中心前,大安區,臺大法人語言訓練中心北側,28,25.02104,121.54081,臺北市
1,500101040,臺大綜合體育館停車場前,大安區,臺大綜合體育館北側,25,25.0222,121.53626,臺北市
1,500101041,辛亥新生路口東南側,大安區,辛亥新生路口東南側,21,25.02218,121.53474,臺北市
1,500101042,基隆長興路口東側,大安區,基隆長興路口東側,15,25.01727,121.54471,臺北市
1,500101091,國北教大側門南側,大安區,敦南街51號,25,25.022864,121.546622,臺北市
1,500101092,和平實小東北側,大安區,敦南街73號,13,25.021641,121.54704,臺北市
1,500101093,大安區健康服務中心,大安區,辛亥路三段15號,15,25.021469,121.544069,臺北市
1,500106001,臺北自來水事業處,中正區,思源街1號東側,20,25.013741,121.53068,臺北市
1,500106002,汀州思源街口東南側,中正區,汀州路三段思源街口東南側,20,25.014697,121.531908,臺北市
1,500106003,捷運公館站(1號出口),中正區,羅斯福路四段68號,12,25.014529,121.534374,臺北市
1,500106004,捷運公館站(4號出口),中正區,羅斯福路四段48號,12,25.015069,121.533828,臺北市
1,500101013,和平復興路口西北側,大安區,復興南路二段236號,9,25.02543,121.54332,臺北市
1,500101009,新生南路三段66號前,大安區,新生南路三段66號東側,20,25.01976,121.53384,臺北市
1,500101022,捷運公館站(2號出口),大安區,捷運公館站(2號出口)外側,60,25.01491,121.53438,臺北市
1,500101094,辛亥泰順街口,大安區,辛亥泰順街口東南側,23,25.02193,121.53165,臺北市
1,500119076,臺大博理館西側,臺大專區,臺大博理館西側,10,25.01922,121.54195,臺北市
1,500119051,臺大立體機車停車場,臺大專區,基隆路三段/基隆路三段156巷口北側,27,25.01616,121.54251,臺北市
1,500119066,臺大凝態館南側,臺大專區,臺大物理系館南側,20,25.02157,121.53633,臺北市
1,500119050,臺大小福樓東側,臺大專區,臺大小福樓東側,20,25.01846,121.5376,臺北市
1,500119062,臺大公館停車場西北側,臺大專區,臺大公館停車場西北側,12,25.01345,121.53798,臺北市
1,500119087,臺大總圖書館西南側,臺大專區,臺大圖書館西南側,30,25.0169,121.54031,臺北市
1,500119090,臺大新體育館東南側,臺大專區,臺大體育館東側,20,25.02112,121.53591,臺北市
1,500119064,臺大明達館機車停車場,臺大專區,臺大明達館西側,10,25.01754,121.54398,臺北市
1,500119077,臺大博雅館西側,臺大專區,臺大博雅館西側,56,25.0189,121.536,臺北市
1,500119085,臺大電機二館東南側,臺大專區,臺大電機二館南側,14,25.01857,121.54247,臺北市
1,500119008,臺大檔案展示館,臺大專區,臺大檔案展示館東北側,10,25.01391,121.52895,臺北市
1,500119052,臺大工綜館南側,臺大專區,臺大工學院東南側,16,25.01857,121.54059,臺北市
1,500119074,臺大生命科學館西北側,臺大專區,臺大動物博物館西側,10,25.01548,121.53825,臺北市
1,500119075,臺大第一活動中心西南側,臺大專區,第一學生活動中心東南側,40,25.01761,121.53995,臺北市
1,500119086,臺大圖資系館北側,臺大專區,臺大圖書資訊館北側,10,25.01804,121.53928,臺北市
1,500119005,臺大水源舍區A棟,臺大專區,汀洲路三段60巷2弄路側(A舍北側),37,25.01493,121.53044,臺北市
1,500119072,臺大原分所北側,臺大專區,臺大原子與分子科學研究所東北側,12,25.01881,121.53868,臺北市
1,500119073,臺大校史館南側,臺大專區,臺大校史館南側,10,25.01751,121.53569,臺北市
1,500119080,臺大小小福西南側,臺大專區,臺大進修教育大樓,10,25.01539,121.53686,臺北市
1,500119009,臺大水源舍區B棟,臺大專區,汀洲路三段60巷2弄路側(B舍北側),30,25.01525,121.53009,臺北市
1,500119048,臺大大一女舍北側,臺大專區,臺大女一舍北側,53,25.01547,121.53436,臺北市
1,500119068,臺大社會系館南側,臺大專區,臺大社會及社工館南側,10,25.01987,121.54175,臺北市
1,500119070,臺大椰林小舖,臺大專區,臺大椰林小舖旁,25,25.01561,121.53583,臺北市
1,500119044,臺大仰萃樓東南側,臺大專區,臺大仰萃樓東南側,10,25.01408,121.53759,臺北市
1,500119054,臺大心理系館南側,臺大專區,臺大心理學系南側,10,25.01941,121.5404,臺北市
1,500119046,臺大管理學院二館北側,臺大專區,管理學院二號館北側,11,25.01355,121.53673,臺北市
1,500119043,臺大男八舍東側,臺大專區,臺大男八舍東側,42,25.01729,121.54531,臺北市
1,500119078,臺大森林館北側,臺大專區,臺大森林系學系北側,10,25.01704,121.53888,臺北市
1,500119058,臺大舊體育館西側,臺大專區,臺大田徑場東側,10,25.0198,121.53583,臺北市
1,500119060,臺大共同教室東南側,臺大專區,臺大共同教學館東南側,12,25.01566,121.53786,臺北市
1,500119071,臺大計資中心南側,臺大專區,臺大計算機網路資訊中心南側,19,25.02036,121.53992,臺北市
1,500119079,臺大一號館,臺大專區,臺大植物魚類標本館一號館北側,19,25.01698,121.53455,臺北市
1,500119056,臺大農化新館西側,臺大專區,臺大生化科技學系西側,10,25.01627,121.53535,臺北市
1,500119082,臺大四號館東北側,臺大專區,臺大園藝暨景觀學系北側,10,25.01703,121.53781,臺北市
1,500119055,臺大樂學館東側,臺大專區,臺大文學院西側,10,25.01793,121.53585,臺北市
1,500119045,臺大農業陳列館北側,臺大專區,農業陳列館北側,13,25.01839,121.53404,臺北市
1,500119069,臺大思亮館東南側,臺大專區,臺大思亮館東南側,10,25.02074,121.53906,臺北市
1,500119083,臺大新生教室南側,臺大專區,臺大新生教學館南側,18,25.0196,121.53846,臺北市
1,500119007,臺大水源修齊會館,臺大專區,思源街16號之1旁,18,25.01411,121.52997,臺北市
1,500119047,臺大土木系館,臺大專區,臺大土木工程學系所南側,10,25.01761,121.53844,臺北市
1,500119057,臺大五號館西側,臺大專區,臺大生物系館西側,10,25.01666,121.53718,臺北市
1,500119061,臺大鹿鳴堂東側,臺大專區,臺大鹿鳴廣場人行道側,27,25.01511,121.53786,臺北市
1,500119006,臺大卓越研究大樓,臺大專區,臺大水源舍區C南側,32,25.01466,121.52917,臺北市
1,500119059,臺大共同教室北側,臺大專區,臺大共同教學館東北側,20,25.01595,121.53791,臺北市
1,500119065,臺大二號館,臺大專區,臺大物理文物廳北側,10,25.01699,121.53574,臺北市
1,500119067,臺大社科院西側,臺大專區,臺大社科院西側,26,25.02053,121.54145,臺北市
1,500119088,臺大黑森林西側,臺大專區,臺大霖澤館南側,20,25.01995,121.54347,臺北市
1,500119089,臺大獸醫館南側,臺大專區,臺大獸醫系館南側,10,25.01791,121.54242,臺北市
1,500119049,臺大女九舍西南側,臺大專區,臺大女九舍西南側,30,25.01937,121.53902,臺北市
1,500119063,臺大第二行政大樓南側,臺大專區,臺大行政大樓西側,10,25.01603,121.53635,臺北市
1,500119081,臺大教研館北側,臺大專區,臺大雅頌廣場東南側,11,25.01337,121.53909,臺北市
1,500119053,臺大天文數學館南側,臺大專區,臺大天文數學館西南側,19,25.02108,121.53783,臺北市
1,500119084,臺大鄭江樓北側,臺大專區,臺大新聞研究所南側,10,25.019,121.54305,臺北市
